id,title,transcription,storage_path,album_id,created_at,updated_at,position_index
1,Track 1,"[{""text"":""这是第一句话"",""type"":""content"",""endTime"":9999}]",track_1.mp3,1,2023-11-27 06:44:05.250099+00,2023-11-27 06:44:05.250099+00,1
2,Track 2,"[{""text"":""这是第一句话"",""type"":""content"",""endTime"":9999}]",track_2.mp3,1,2023-11-27 06:44:05.250099+00,2023-11-27 06:44:05.250099+00,2
3,Track 3,"[{""text"":""这是第一句话"",""type"":""content"",""endTime"":9999}]",track_1.mp3,1,2023-11-27 06:44:05.250099+00,2023-11-27 06:44:05.250099+00,3
4,Track 1: transcription validation error,"[{""text"":""这是第一句话"",""endTime"":9999,""type999"":""content""}]",track_1.mp3,2,2023-11-27 06:44:05.250099+00,2023-11-27 06:44:05.250099+00,1
5,Track 2: audio not found,"[{""text"":""这是第一句话"",""type"":""content"",""endTime"":9999}]",not-found.mp3,2,2023-11-27 06:44:05.250099+00,2023-11-27 06:44:05.250099+00,2
7,N3 Test Question,"[{""type"":""filler"",""endTime"":2.51},{""text"":""弁当屋で男のアルバイトの人と店長が話しています。"",""type"":""content"",""endTime"":8.36},{""text"":""男のアルバイトの人はこの後まず何ををしますか。"",""type"":""content"",""endTime"":15},{""text"":""お疲れ様です。"",""type"":""content"",""endTime"":17.25,""speaker"":""男""},{""text"":""あっ、吉田君、今日11時にお弁当配達する注文が入ったよ。 "",""type"":""content"",""endTime"":23.5,""speaker"":""女""},{""text"":""お弁当はもうできてるから20個段ボール箱に詰めてもらえる。"",""type"":""content"",""endTime"":28.5,""speaker"":""女""},{""text"":""分かりました。"",""type"":""content"",""endTime"":29.7,""speaker"":""男""},{""text"":""配達は車を使って。"",""type"":""content"",""endTime"":32.06,""speaker"":""女""},{""text"":""今、車、店のうらの駐車にあるから、店の前に動かしとくね。 "",""type"":""content"",""endTime"":37.98,""speaker"":""女""},{""text"":""はい"",""type"":""content"",""endTime"":38.77,""speaker"":""男""},{""text"":""お茶20本も忘れないで。"",""type"":""content"",""endTime"":41.56,""speaker"":""女""},{""text"":""お茶は冷蔵庫に入れてあるから直前に車に乗せてね。"",""type"":""content"",""endTime"":46.58,""speaker"":""女""},{""text"":""分りました"",""type"":""content"",""endTime"":48.06,""speaker"":""男""},{""type"":""filler"",""endTime"":52.91},{""text"":""男のアルバイトの人はこの後まず何をしますか。"",""type"":""content"",""endTime"":99999}]",2020_12_n3_1_1.mp3,3,2023-11-16 01:44:17.962181+00,2023-11-16 01:44:17.962181+00,1
8,23-3,"[{""text"":""３番　どうやって使いますか。"",""type"":""content"",""endTime"":4.432136},{""type"":""filler"",""endTime"":10.3627},{""text"":""おまんですね。どうやって乗りますか。"",""type"":""content"",""endTime"":14.302311,""speaker"":""A""},{""text"":""ここに座って、左の耳を持つと、 動きます。"",""type"":""content"",""endTime"":19.348741,""speaker"":""B""},{""text"":""全然動きません。"",""type"":""content"",""endTime"":23.245038,""speaker"":""A""},{""text"":""それは右の耳ですよ。 左の耳を持ってください。"",""type"":""content"",""endTime"":27.976045,""speaker"":""B""},{""type"":""filler"",""endTime"":32.200862},{""text"":""うは。面白い！"",""type"":""content"",""endTime"":34.730931,""speaker"":""A""},{""type"":""filler"",""endTime"":37.90911},{""text"":""すみません。トイレの電気のスイッチはどこですか。"",""type"":""content"",""endTime"":42.621929,""speaker"":""A""},{""text"":""スイッチ？ありません。 中に入ると、明るくなります。"",""type"":""content"",""endTime"":47.851206,""speaker"":""B""},{""text"":""あ、そうですか。"",""type"":""content"",""endTime"":50.521141,""speaker"":""A""},{""type"":""filler"",""endTime"":52.639737},{""text"":""あのう、コーヒーを買いたいとき、どうしますか？"",""type"":""content"",""endTime"":56.63286,""speaker"":""A""},{""text"":""まずここにお金を入れます。 砂糖を入れますか。"",""type"":""content"",""endTime"":61.366727,""speaker"":""B""},{""text"":""ええ、 甘いのがいいです。 ミルクも入れたいです。"",""type"":""content"",""endTime"":65.641066,""speaker"":""A""},{""text"":""じゃあ、この砂糖とミルクのボタンを押して、 それから、 コーヒーのボタンを押すと、 ほら。"",""type"":""content"",""endTime"":73.60755,""speaker"":""B""},{""type"":""filler"",""endTime"":82.2831},{""text"":""あ、出ました。ありがとうございました。"",""type"":""content"",""endTime"":86.117043,""speaker"":""A""},{""type"":""filler"",""endTime"":89.315287},{""text"":""これ、何ですか。"",""type"":""content"",""endTime"":91.682335,""speaker"":""A""},{""text"":""ソージ君です。"",""type"":""content"",""endTime"":93.792787,""speaker"":""B""},{""text"":""ソージ君？"",""type"":""content"",""endTime"":95.447075,""speaker"":""A""},{""text"":""掃除する機械です。"",""type"":""content"",""endTime"":97.985442,""speaker"":""B""},{""text"":""使い方は簡単ですか。"",""type"":""content"",""endTime"":100.91504,""speaker"":""A""},{""text"":""はい、とても簡単ですよ。頭にちょっと触ると、掃除を始めます。"",""type"":""content"",""endTime"":107.044343,""speaker"":""B""},{""text"":""時間は？"",""type"":""content"",""endTime"":108.278505,""speaker"":""A""},{""text"":""1回触ると、30分働きます。"",""type"":""content"",""endTime"":111.957829,""speaker"":""B""},{""type"":""filler"",""endTime"":117.40916},{""text"":""うわ、便利。欲しいな。"",""type"":""content"",""endTime"":9999,""speaker"":""A""}]",8736148-23-3.m4a,4,2023-11-16 06:26:00.392519+00,2023-11-16 06:26:00.392519+00,233
9,23-2,"[{""text"":""マザーテレサはいっ渦をしました どん か"",""type"":""content"",""endTime"":6.868293},{""text"":""マザーテレサは 1910年にヨーロッパの古い町、スコピエで生まれました。"",""type"":""content"",""endTime"":16.018777},{""text"":""子供の時、両親と一緒によく教会へ行きました。"",""type"":""content"",""endTime"":21.545452},{""type"":""filler"",""endTime"":27.064517},{""text"":""テレサは 15歳ぐらいのとき、教会の人からインドについていろいろ聞きました。"",""type"":""content"",""endTime"":35.618501},{""text"":""そして、インドヘ行きたいと思いました。"",""type"":""content"",""endTime"":38.901478},{""text"":""インドヘ行って、病気の人やお金がない人の役に立ちたいと思いました。"",""type"":""content"",""endTime"":46.202201},{""text"":""そして1928年、18歳の時、インドへ行きました。"",""type"":""content"",""endTime"":53.437479},{""text"":""1931年から、1948年までインドの学校で教えました。"",""type"":""content"",""endTime"":62.510964},{""text"":""1948年に教師を辞めて、それから、病気の人や両親がいない子供のうちを作りました。"",""type"":""content"",""endTime"":73.315231},{""text"":""1979年12月、69歳の時、テレサはノーベル賞をもらいました。"",""type"":""content"",""endTime"":83.671788},{""text"":""マザーテレサは3回日本へ来たことがあります。"",""type"":""content"",""endTime"":89.18525},{""text"":""71歳と72歳と74歳の時です。"",""type"":""content"",""endTime"":94.833918},{""text"":""2回目に日本へ来た時、長崎へ行って、を祈りをしました。"",""type"":""content"",""endTime"":101.356521},{""text"":""1997年に亡くなりました。87でした。"",""type"":""content"",""endTime"":109.147485},{""type"":""filler"",""endTime"":9999}]",8736147-23-2.m4a,4,2023-11-14 08:49:24.662734+00,2023-11-14 08:49:24.662734+00,232
10,24-1,"[{""type"":""filler"",""endTime"":3.850994},{""text"":""エドさんは誕生日のプレゼントについて日記を書きました。 何をもらいましたか。"",""type"":""content"",""endTime"":11.872516},{""type"":""filler"",""endTime"":14.359973},{""text"":""こんばんは。 もうみんな来た？"",""type"":""content"",""endTime"":17.64513,""speaker"":""女""},{""text"":""ううん、まだだよ。あい子さん、さあ、どうぞ。"",""type"":""content"",""endTime"":21.929515,""speaker"":""男""},{""text"":""エドさん、 誕生日おめでとう。花をどうぞ。"",""type"":""content"",""endTime"":26.795439,""speaker"":""女""},{""text"":""きれいだね！あい子さん、ありがとう。"",""type"":""content"",""endTime"":30.845792,""speaker"":""男""},{""type"":""filler"",""endTime"":34.219304},{""text"":""キムさん、いらっしゃい。"",""type"":""content"",""endTime"":36.289801,""speaker"":""男""},{""text"":""エドさん、 誕生日おめでとう。これ、どうぞ。"",""type"":""content"",""endTime"":40.106159,""speaker"":""女""},{""text"":""開けてもいい？あ、ステキなセーターだね。"",""type"":""content"",""endTime"":45.177065,""speaker"":""男""},{""text"":""ええ、私が作ったの。"",""type"":""content"",""endTime"":47.886707,""speaker"":""女""},{""text"":""わあ、いいでサインだね。どうもありがとう。"",""type"":""content"",""endTime"":52.915448,""speaker"":""男""},{""type"":""filler"",""endTime"":55.385896},{""text"":""こんばんは、ミゲル君。わあ、大きい帽子だなあ。"",""type"":""content"",""endTime"":60.846371,""speaker"":""A""},{""text"":""この帽子、 僕のプレゼントだよ。 僕の国では男の人はこれをかぶるよ。"",""type"":""content"",""endTime"":67.875866,""speaker"":""B""},{""text"":""じゃ、ミキしこの帽子？おもしろいね。"",""type"":""content"",""endTime"":72.154234,""speaker"":""A""},{""text"":""うん、お祭りの時、かぶる帽子だよ。"",""type"":""content"",""endTime"":75.779773,""speaker"":""B""},{""text"":""そう。ミゲル君、ありがとう。"",""type"":""content"",""endTime"":79.473534,""speaker"":""A""},{""type"":""filler"",""endTime"":82.004615},{""text"":""わあ、ケリー先生だ。さあ、どうぞ。"",""type"":""content"",""endTime"":85.699556,""speaker"":""男""},{""text"":""ありがとう。 エドさん、 誕生日おめでとう。オーストラリアのワインを持ってきました。どうぞ。"",""type"":""content"",""endTime"":94.156164,""speaker"":""女""},{""text"":""ありがとうございます。 どこで買いましたか。"",""type"":""content"",""endTime"":97.627434,""speaker"":""男""},{""text"":""シドニーの空港で買いました。この間、国へ帰りましたから。このワイン、きっと美味しいと思いますよ。"",""type"":""content"",""endTime"":106.206057,""speaker"":""女""},{""text"":""そうですか。じゃ、みんなで飲みましょう。"",""type"":""content"",""endTime"":110.407438,""speaker"":""男""},{""type"":""filler"",""endTime"":9999}]",8736150-24-1.m4a,4,2023-11-22 12:55:26.948031+00,2023-11-22 12:55:26.948031+00,241
11,24-4,"[{""type"":""filler"",""endTime"":1.611528},{""text"":""誰が誰にしてあげましたか。してもらいましたか。"",""type"":""content"",""endTime"":6.788198},{""type"":""filler"",""endTime"":8.391251},{""text"":""山田さん、今月のレポートです。"",""type"":""content"",""endTime"":12.151261,""speaker"":""女""},{""text"":""うーん。チンさん、今月のレポートはいいですね。"",""type"":""content"",""endTime"":18.014508,""speaker"":""男""},{""text"":""えへへ、佐藤さんに直してもらいましたから。"",""type"":""content"",""endTime"":22.129263,""speaker"":""女""},{""type"":""filler"",""endTime"":25.136082},{""text"":""チンさん、昨日の晩はすごい雨でしたね。 大丈夫でしたか。"",""type"":""content"",""endTime"":30.201038,""speaker"":""A""},{""text"":""ええ、 山田さんが傘を貸してくれましたから。"",""type"":""content"",""endTime"":34.123224,""speaker"":""B""},{""text"":""山田さんが？そうですか。"",""type"":""content"",""endTime"":38.085902,""speaker"":""A""},{""type"":""filler"",""endTime"":40.994613},{""text"":""わあ、ちんさん、 すごい荷物ですね。 1人で持って来ましたか。"",""type"":""content"",""endTime"":47.767366,""speaker"":""男""},{""text"":""いいえ、 知らない男の人が持ってくれました。"",""type"":""content"",""endTime"":51.528786,""speaker"":""女""},{""text"":""へえ。どんな人？"",""type"":""content"",""endTime"":53.680328,""speaker"":""男""},{""text"":""若い人。とてもハンサムでした。"",""type"":""content"",""endTime"":57.075133,""speaker"":""女""},{""text"":""へえ、そうですか。"",""type"":""content"",""endTime"":60.053814,""speaker"":""男""},{""type"":""filler"",""endTime"":63.073211},{""text"":""ちんさん、 新しいパソコンの使い方が分かりますか。"",""type"":""content"",""endTime"":67.883866,""speaker"":""A""},{""text"":""まだよくわかりません。"",""type"":""content"",""endTime"":70.064276,""speaker"":""B""},{""text"":""じゃ、教えてあげましょうか。"",""type"":""content"",""endTime"":72.166687,""speaker"":""A""},{""text"":""佐藤さん、 ありがとうございます。 でも、今ちょっと忙しいですから、 午後教えてくれますか。"",""type"":""content"",""endTime"":80.871171,""speaker"":""B""},{""text"":""いいですよ。じゃ、１時ごろから。"",""type"":""content"",""endTime"":83.98332,""speaker"":""A""},{""text"":""お願いします。"",""type"":""content"",""endTime"":9999,""speaker"":""B""}]",8736153-24-4.m4a,4,2023-11-23 08:36:24.074767+00,2023-11-23 08:36:24.074767+00,244
12,24-3,"[{""type"":""filler"",""endTime"":2.323128},{""text"":""ボランティアはお年寄りに何をしてあげましたか。 レポートを書いてください。"",""type"":""content"",""endTime"":9.539984},{""type"":""filler"",""endTime"":11.544864},{""text"":""おはようございます。 中野さん、お元気ですか。"",""type"":""content"",""endTime"":16.139182,""speaker"":""A""},{""text"":""ええ、元気ですよ。 今日は服を買いに行きたいですが、いいですか。"",""type"":""content"",""endTime"":22.408133,""speaker"":""B""},{""text"":""ええ、 一緒に行きましょう。 いつものスーパーですね。"",""type"":""content"",""endTime"":27.274129,""speaker"":""A""},{""text"":""あのう、駅の前の新しいスーパーへ連れて行ってくれますか。 買い物は楽しいですから。"",""type"":""content"",""endTime"":36.538363,""speaker"":""B""},{""text"":""はい、一緒に行きましょう。"",""type"":""content"",""endTime"":39.474489,""speaker"":""A""},{""type"":""filler"",""endTime"":42.647058},{""text"":""こんにちは。 吉田さん、今日は足の調子はいかがですか。"",""type"":""content"",""endTime"":48.294845,""speaker"":""A""},{""text"":""ちょっと痛いですから、今日は寝ています。 すみませんが、部屋の掃除をしてくれますか。"",""type"":""content"",""endTime"":55.793438,""speaker"":""B""},{""text"":""はい、分りました。 それから、晩ご飯を作りましょうか。"",""type"":""content"",""endTime"":61.108817,""speaker"":""A""},{""text"":""ええ、 お願いします。"",""type"":""content"",""endTime"":63.547159,""speaker"":""B""},{""type"":""filler"",""endTime"":66.346202},{""text"":""田村さん、こんにちは。あ、きれいな花ですね。"",""type"":""content"",""endTime"":72.726744,""speaker"":""A""},{""text"":""ええ、きれいでしょう。 隣の人がくれました。"",""type"":""content"",""endTime"":77.125053,""speaker"":""B""},{""text"":""体の調子はどうですか。"",""type"":""content"",""endTime"":79.638229,""speaker"":""A""},{""text"":""手がとても痛いです。 物を持つことができません。 あのう、 病院で薬を取りに行ってください。"",""type"":""content"",""endTime"":88.634447,""speaker"":""B""},{""text"":""はい、すぐ行きます。"",""type"":""content"",""endTime"":9999,""speaker"":""A""}]",8736152-24-3.m4a,4,2023-11-23 08:02:31.164599+00,2023-11-23 08:02:31.164599+00,243
13,24-2,"[{""type"":""filler"",""endTime"":1.686723},{""text"":""今日、日本語のクラスが終わります。 外国人は日本語のボランティアに何をしてもらいましたか。"",""type"":""content"",""endTime"":10.695349},{""type"":""filler"",""endTime"":12.97772},{""text"":""皆さんは日本語がとても上手になりましたね。でも、今日さよならを言わなければなりません。 寂しいですが、暇な時、遊びに来てくださいね。"",""type"":""content"",""endTime"":27.285335,""speaker"":""A""},{""text"":""田中さんは私たちに日本語をたくさん教えてくれました。ありがとう。"",""type"":""content"",""endTime"":33.548096,""speaker"":""B""},{""text"":""いいえ。 とても楽しかったです。"",""type"":""content"",""endTime"":36.751615,""speaker"":""A""},{""type"":""filler"",""endTime"":41.701836},{""text"":""私の先生は川崎さんでした。 私が病気になった時、病院へ連れて行ってくれましたね。 ありがとうございました。"",""type"":""content"",""endTime"":45.191518,""speaker"":""C""},{""text"":""もう体は大丈夫ですか。"",""type"":""content"",""endTime"":54.498642,""speaker"":""D""},{""text"":""はい、おかげさまで、良くなりました。"",""type"":""content"",""endTime"":57.764481,""speaker"":""C""},{""type"":""filler"",""endTime"":63.001394},{""text"":""佐野さん、 車が故障した時、 修理を手伝ってくれましたね。 ありがとうございました。"",""type"":""content"",""endTime"":70.871484,""speaker"":""B""},{""text"":""いいえ。"",""type"":""content"",""endTime"":73.609586,""speaker"":""E""},{""text"":""佐野さんは私の日本のおじいさんです。"",""type"":""content"",""endTime"":78.839686,""speaker"":""B""},{""type"":""filler"",""endTime"":83.72861},{""text"":""子供の学校の手紙は全部日本語でした。 でも、村上さんにスペイン語で説明してもらいましたから、 よく分かりました。 ありがとうございました。"",""type"":""content"",""endTime"":95.555391,""speaker"":""F""},{""text"":""いいえ、どういたしまして。"",""type"":""content"",""endTime"":98.561693,""speaker"":""G""},{""text"":""皆さん、本当にありがとうございました。"",""type"":""content"",""endTime"":9999,""speaker"":""BCF""}]",8736151-24-2.m4a,4,2023-11-22 13:18:21.704639+00,2023-11-22 13:18:21.704639+00,242
14,25-1,"[{""type"":""filler"",""endTime"":3.922482},{""text"":""ミラーさんは友達と話しました。 あとでミラーさんは電話で何と言いますか。"",""type"":""content"",""endTime"":10.961601},{""type"":""filler"",""endTime"":13.952537},{""text"":""イーサン、 金曜日の晩、家でパーティーをします。 暇だったら、来ませんか。"",""type"":""content"",""endTime"":20.672016,""speaker"":""A""},{""text"":""ありがとうございます。 大丈夫だと思いますけど、後で電話します。"",""type"":""content"",""endTime"":26.850679,""speaker"":""B""},{""type"":""filler"",""endTime"":33.102032},{""text"":""もしもし、ミラーさん。イーです。あのう、 金曜日の晩ですが、 出張しなければなりません。"",""type"":""content"",""endTime"":42.568048,""speaker"":""B""},{""type"":""filler"",""endTime"":46.669424},{""text"":""a．そうですか。じゃ、 6時に来てください。"",""type"":""content"",""endTime"":52.510827},{""text"":""b．そうですか。残念ですね。"",""type"":""content"",""endTime"":57.674862},{""type"":""filler"",""endTime"":60.889608},{""text"":""木村さん、明日のテニスですけど、天気は大丈夫ですか。"",""type"":""content"",""endTime"":67.130049,""speaker"":""A""},{""text"":""うーん、そうですね……。"",""type"":""content"",""endTime"":70.457649,""speaker"":""B""},{""text"":""もし、天気が悪かったら、映画に行きませんか。 チケットがありますから。"",""type"":""content"",""endTime"":76.813221,""speaker"":""A""},{""text"":""いいですね。"",""type"":""content"",""endTime"":78.710299,""speaker"":""B""},{""type"":""filler"",""endTime"":85.409521},{""text"":""もしもし、木村です。 今日は雨ですね。"",""type"":""content"",""endTime"":90.254169,""speaker"":""B""},{""type"":""filler"",""endTime"":94.445692},{""text"":""a．ええ。じゃ、 映画にいきましょう。"",""type"":""content"",""endTime"":99.82004},{""text"":""b．ええ。じゃ、 テニスに行きましょう。"",""type"":""content"",""endTime"":105.242862},{""type"":""filler"",""endTime"":108.058371},{""text"":""佐藤さん、今晩一緒に食事しませんか。"",""type"":""content"",""endTime"":112.02595,""speaker"":""A""},{""text"":""いいですね。でも今日は仕事がたくさんあって……。 7時ごろになると思いますが。"",""type"":""content"",""endTime"":120.629146,""speaker"":""B""},{""text"":""じゃ、7時までに終わったら、行きましょう。"",""type"":""content"",""endTime"":124.368736,""speaker"":""A""},{""text"":""分りました。"",""type"":""content"",""endTime"":125.879984,""speaker"":""B""},{""type"":""filler"",""endTime"":131.862598},{""text"":""もしもし、佐藤です。 もう7時ですけど、 仕事が終わりません。"",""type"":""content"",""endTime"":138.360773,""speaker"":""B""},{""type"":""filler"",""endTime"":142.635854},{""text"":""a．そうですか。じゃ、行きましょう。"",""type"":""content"",""endTime"":147.078629},{""text"":""b．そうですか。じゃ、 今晩はやめましょう。"",""type"":""content"",""endTime"":152.978016},{""type"":""filler"",""endTime"":156.25511},{""text"":""ミラーさん、 お茶を習いに行きませんか。 渡辺さんが教えてくれると言いました。 面白いと思いますが……。"",""type"":""content"",""endTime"":165.221091,""speaker"":""B""},{""text"":""うん、 習いたいですけど……。 何曜日ですか。"",""type"":""content"",""endTime"":169.600736,""speaker"":""A""},{""text"":""えーと、土曜日です。"",""type"":""content"",""endTime"":172.657574,""speaker"":""B""},{""text"":""午後だったら、大丈夫です。"",""type"":""content"",""endTime"":175.079631,""speaker"":""A""},{""text"":""じゃ、渡辺さんに時間を聞いて、電話しますね。"",""type"":""content"",""endTime"":179.399239,""speaker"":""B""},{""type"":""filler"",""endTime"":185.209698},{""text"":""もしもし、 お茶は土曜日の朝10時からです。"",""type"":""content"",""endTime"":189.659284,""speaker"":""B""},{""type"":""filler"",""endTime"":193.945803},{""text"":""a． そうですか。残念ですね。"",""type"":""content"",""endTime"":198.703229},{""text"":""b． そうですか。じゃ、 私も習いに行きます。"",""type"":""content"",""endTime"":204.587326},{""type"":""filler"",""endTime"":9999}]",8736082-25-1.m4a,4,2023-11-24 08:14:13.075271+00,2023-11-24 08:14:13.075271+00,251
15,25-3,"[{""type"":""filler"",""endTime"":1.522166},{""text"":""木村いずみさんはどちらがいいと思いましたか。"",""type"":""content"",""endTime"":6.372815},{""type"":""filler"",""endTime"":8.984868},{""text"":""ねえ、いずみ、この人、どう？東都大学で経済を勉強して、 興味はコンピューター。 スポーツはあまり好きじゃ……。"",""type"":""content"",""endTime"":19.693141,""speaker"":""A""},{""text"":""うーん。 いくら頭が良くても、スポーツが嫌いな人は面白いないわ。 もっと元気で、スポーツが好きな人がいいな。"",""type"":""content"",""endTime"":28.298125,""speaker"":""B""},{""type"":""filler"",""endTime"":31.413206},{""text"":""いずみ、赤井さんと黒井さんと、どちらがよかった。"",""type"":""content"",""endTime"":36.727344,""speaker"":""A""},{""text"":""うーん。赤井さんかな。"",""type"":""content"",""endTime"":40.647476,""speaker"":""B""},{""text"":""黒井さんはお金がたくさんあるわよ。"",""type"":""content"",""endTime"":44.021221,""speaker"":""A""},{""text"":""赤井さんはお金がなくても、頭が良くて、ユーモアがあって、ステキだわ。"",""type"":""content"",""endTime"":49.539638,""speaker"":""B""},{""text"":""ふうん、そう……。私だったら、黒井さんね。"",""type"":""content"",""endTime"":54.490907,""speaker"":""A""},{""text"":""あ、そう。お母さん、私、赤井さんと結婚するわ。"",""type"":""content"",""endTime"":59.2293,""speaker"":""B""},{""type"":""filler"",""endTime"":62.03049},{""text"":""ちょっと、これ、見て。 ハワイで結婚式と旅行、全部で８０万円よ。安いわね。きれいな海、すてきよ。"",""type"":""content"",""endTime"":72.794795,""speaker"":""B""},{""text"":""2人で80万円。"",""type"":""content"",""endTime"":75.160935,""speaker"":""C""},{""text"":""うん、そうよ。"",""type"":""content"",""endTime"":76.47545,""speaker"":""B""},{""text"":""でも、いくら安くても、 両親や友達が来てくれなかったら、寂しいね。"",""type"":""content"",""endTime"":81.962425,""speaker"":""C""},{""text"":""あら、そう？ みんなが来なくても、あなたと一緒だったら、いいわ。"",""type"":""content"",""endTime"":86.84996,""speaker"":""B""},{""type"":""filler"",""endTime"":90.351396},{""text"":""ねえ、わたし、結婚しても、 名前を変えたくないわ。"",""type"":""content"",""endTime"":94.998384,""speaker"":""B""},{""text"":""えっ、 名前を変えなかったら、不便だよ。 みんな結婚したら、名前を変えるよ。「赤井いずみ」すてきだよ。"",""type"":""content"",""endTime"":106.076896,""speaker"":""C""},{""text"":""不便でも、変えたくないわ。"",""type"":""content"",""endTime"":108.739523,""speaker"":""B""},{""text"":""でも、いろいろ大変だよ。"",""type"":""content"",""endTime"":111.62352,""speaker"":""C""},{""text"":""じゃ、 あなたが変えて。"",""type"":""content"",""endTime"":9999,""speaker"":""B""}]",8736084-25-3.mp3,4,2023-11-24 11:09:40.642552+00,2023-11-24 11:09:40.642552+00,253
16,22-4,"[{""type"":""filler"",""endTime"":2.640518},{""text"":""最近の言葉について話しています。 言葉と数字を入れてください。"",""type"":""content"",""endTime"":9.819315},{""text"":""最近、「体の調子が悪い」「 すぐ疲れる」 という子供が多くなりました。"",""type"":""content"",""endTime"":18.57495},{""text"":""子供の仕事は遊ぶことです。"",""type"":""content"",""endTime"":21.9898},{""text"":""外でよく遊ぶ子供は元気です。"",""type"":""content"",""endTime"":25.348371},{""text"":""しかし、最近の子供はあまり遊びません。"",""type"":""content"",""endTime"":29.581694},{""text"":""どうして遊ばないと思いますか。"",""type"":""content"",""endTime"":33.041656},{""text"":""この資料をちょっと見てください。"",""type"":""content"",""endTime"":36.569106},{""text"":""まず、「 テレビを見る時間が多い」 が1番多くて、 66%です。"",""type"":""content"",""endTime"":44.799559},{""text"":""次に、「勉強が忙しい」で、64%です。"",""type"":""content"",""endTime"":51.060653},{""text"":""3番目は「 遊ぶところがない」で、35％。"",""type"":""content"",""endTime"":56.956018},{""text"":""次の31%は「一緒に遊ぶ友達がいない」です。"",""type"":""content"",""endTime"":62.745534},{""text"":""それから、28%は「両親が遊んではいけないと言うから」です。"",""type"":""content"",""endTime"":69.789567},{""text"":""「 遊び方を知らない」という子どもも23％います。"",""type"":""content"",""endTime"":75.705163},{""text"":""「 車が多いから、外は危ない」が21%です。"",""type"":""content"",""endTime"":81.920589},{""text"":""「 両親が遊ぶ事は大切だと思わないから」が17％です。"",""type"":""content"",""endTime"":88.826038},{""text"":""皆さん、これを見て、どう思いますか。"",""type"":""content"",""endTime"":9999}]",8735380-22-4.m4a,4,2023-11-26 13:32:36.109601+00,2023-11-26 13:32:36.109601+00,224
23,37-2,"[{""type"":""filler"",""endTime"":3.018159},{""text"":""高橋さん、何かいいことがあったんですか。"",""type"":""content"",""endTime"":6.269753,""speaker"":""女""},{""text"":""ええ。 実は渡辺さんに映画に誘われたんです。"",""type"":""content"",""endTime"":10.31661,""speaker"":""男""},{""text"":""あら、よかったですね。"",""type"":""content"",""endTime"":12.910742,""speaker"":""女""},{""type"":""filler"",""endTime"":14.663102},{""text"":""男の人は渡辺さんに映画に誘いました。"",""type"":""content"",""endTime"":19.661808},{""type"":""filler"",""endTime"":21.7167},{""text"":""田中さん、明日自転車を貸していただけませんか。"",""type"":""content"",""endTime"":26.036509,""speaker"":""女""},{""text"":""すみません。 先週息子が壊してしまったんです。 今修理してもらっているんです。"",""type"":""content"",""endTime"":31.98474,""speaker"":""男""},{""text"":""そうですか。"",""type"":""content"",""endTime"":33.637005,""speaker"":""女""},{""type"":""filler"",""endTime"":35.510716},{""text"":""男の人は、息子に車を壊されました。"",""type"":""content"",""endTime"":40.22253},{""type"":""filler"",""endTime"":42.454413},{""text"":""旅行はどうでしたか。"",""type"":""content"",""endTime"":44.672489,""speaker"":""女""},{""text"":""とても楽しかったんですよ。 でも、空港でカバンをとられてしまったんです。"",""type"":""content"",""endTime"":50.050984,""speaker"":""男""},{""text"":""まあ。パスポートも入ってたんですか。"",""type"":""content"",""endTime"":52.664865,""speaker"":""女""},{""text"":""いいえ、 パスポートはほかの所に入れてありましたから、大丈夫でした。"",""type"":""content"",""endTime"":57.348533,""speaker"":""男""},{""type"":""filler"",""endTime"":59.416281},{""text"":""男の人はパスポートを取られました。"",""type"":""content"",""endTime"":63.362051},{""type"":""filler"",""endTime"":65.832035},{""text"":""これ、誕生日のプレゼント。"",""type"":""content"",""endTime"":68.615843,""speaker"":""男""},{""text"":""わあ、ありがとう。何？"",""type"":""content"",""endTime"":71.009349,""speaker"":""女""},{""text"":""ドイツの歌のCD。 歌の説明が中に入っているよ。"",""type"":""content"",""endTime"":75.334088,""speaker"":""男""},{""text"":""でも、私、ドイツ語がわからない。"",""type"":""content"",""endTime"":79.311103,""speaker"":""女""},{""text"":""英語の説明もあるから、大丈夫だよ。"",""type"":""content"",""endTime"":82.114455,""speaker"":""男""},{""type"":""filler"",""endTime"":84.107604},{""text"":""説明はドイツ語と英語で書かれています。"",""type"":""content"",""endTime"":88.215487},{""type"":""filler"",""endTime"":9999}]",208572018-37-2.m4a,5,2023-11-24 05:31:06.049304+00,2023-11-24 05:31:06.049304+00,372
17,01-1,"[{""type"":""filler"",""endTime"":8.499941},{""text"":""名前はaですか、bですか。"",""type"":""content"",""endTime"":12.478381},{""type"":""filler"",""endTime"":15.341747},{""text"":""はじめまして、益田です。"",""type"":""content"",""endTime"":18.115402,""speaker"":""A""},{""text"":""松田（まつだ）さんですね。"",""type"":""content"",""endTime"":19.916547,""speaker"":""B""},{""text"":""いいえ、益田（ますだ）です。"",""type"":""content"",""endTime"":22.849689,""speaker"":""A""},{""type"":""filler"",""endTime"":25.191937},{""text"":""はじめまして。佐野（さの）です。どうぞよろしく。"",""type"":""content"",""endTime"":29.839367,""speaker"":""A""},{""text"":""さろさんですか。"",""type"":""content"",""endTime"":29.839367,""speaker"":""B""},{""text"":""いいえ、佐野です。"",""type"":""content"",""endTime"":33.868558,""speaker"":""A""},{""type"":""filler"",""endTime"":37.374623},{""text"":""こんにちは、鈴木です。"",""type"":""content"",""endTime"":39.991786,""speaker"":""A""},{""text"":""ああ、鈴木さんですね。"",""type"":""content"",""endTime"":42.041922,""speaker"":""B""},{""text"":""ええ。"",""type"":""content"",""endTime"":42.895704,""speaker"":""A""},{""type"":""filler"",""endTime"":46.323707},{""text"":""失礼ですかが、お名前は？"",""type"":""content"",""endTime"":48.892416,""speaker"":""A""},{""text"":""後藤（ごとう）です。"",""type"":""content"",""endTime"":50.708903,""speaker"":""B""},{""text"":""こどうさんですか。"",""type"":""content"",""endTime"":52.59574,""speaker"":""B""},{""text"":""いいえ、後藤です。"",""type"":""content"",""endTime"":9999,""speaker"":""A""}]",8735317-01-1.m4a,4,2023-11-26 13:05:56.023868+00,2023-11-26 13:05:56.023868+00,11
18,25-2,"[{""type"":""filler"",""endTime"":1.942206},{""text"":""明日の予定を書いてください。"",""type"":""content"",""endTime"":5.104422},{""type"":""filler"",""endTime"":7.955571},{""text"":""明日の予定です。 よく聞いてください。"",""type"":""content"",""endTime"":11.801139,""speaker"":""女""},{""text"":""はい。"",""type"":""content"",""endTime"":12.775807,""speaker"":""男""},{""text"":""朝の会議が終わったら、 すぐ東京出張の資料を作ってください。"",""type"":""content"",""endTime"":17.899848,""speaker"":""女""},{""type"":""filler"",""endTime"":21.955988},{""text"":""資料を作ったら、すぐ部長に見せてください。"",""type"":""content"",""endTime"":25.823751,""speaker"":""女""},{""text"":""はい。"",""type"":""content"",""endTime"":26.800999,""speaker"":""男""},{""text"":""12時までにお願いします。"",""type"":""content"",""endTime"":29.180973,""speaker"":""女""},{""type"":""filler"",""endTime"":33.222558},{""text"":""課長、午後は何をしますか。"",""type"":""content"",""endTime"":36.582401,""speaker"":""男""},{""text"":""1時から3時までパワー電気とテレビ会議をします。"",""type"":""content"",""endTime"":40.917853,""speaker"":""女""},{""text"":""分りました。"",""type"":""content"",""endTime"":42.380339,""speaker"":""男""},{""type"":""filler"",""endTime"":46.095871},{""text"":""会議が終わったら、空港へホワイトさんを迎えに行ってください。"",""type"":""content"",""endTime"":50.920286,""speaker"":""女""},{""text"":""はい、 空港ですね。"",""type"":""content"",""endTime"":52.922647,""speaker"":""男""},{""text"":""飛行機は5時半に着きます。ホワイトさんに会ったら、 私に電話をかけてください。　"",""type"":""content"",""endTime"":59.303584,""speaker"":""女""},{""text"":""はい。"",""type"":""content"",""endTime"":60.307342,""speaker"":""男""},{""type"":""filler"",""endTime"":63.925312},{""text"":""それから、ホワイトさんをミラーホテルへ連れて行ってください。 私も部長とホテル行って、一緒に食事します。"",""type"":""content"",""endTime"":72.798433,""speaker"":""女""},{""text"":""はい、分りました。"",""type"":""content"",""endTime"":9999,""speaker"":""男""}]",8736083-25-2.m4a,4,2023-11-24 09:19:21.828307+00,2023-11-24 09:19:21.828307+00,252
19,23-4,"[{""text"":""4番　どこですか。"",""type"":""content"",""endTime"":3.391968},{""type"":""filler"",""endTime"":10.995334},{""text"":""すみません。 レストラン「マミー」はどこですか。"",""type"":""content"",""endTime"":15.241918,""speaker"":""A""},{""text"":""「マミー」ですか。 あそこに信号がありますね。 あの信号を右へ曲がって、50メートルぐらい行くと、左にありますよ。"",""type"":""content"",""endTime"":25.678246,""speaker"":""B""},{""text"":""どうもありがとうございました。"",""type"":""content"",""endTime"":29.003605,""speaker"":""A""},{""type"":""filler"",""endTime"":31.744789},{""text"":""ちょっとすみません。 この近くに有名な歯医者がありますね。"",""type"":""content"",""endTime"":36.790894,""speaker"":""A""},{""text"":""有名な歯医者？"",""type"":""content"",""endTime"":38.938051,""speaker"":""B""},{""text"":""ええ。ゴトブギデンター……。"",""type"":""content"",""endTime"":41.874868,""speaker"":""A""},{""text"":""あー、「ことぶきデンタル」ね。「ことぶきデンタル」は、この道をまっすぐ行って、二つ目の角を左へ曲がってください。"",""type"":""content"",""endTime"":51.428904,""speaker"":""B""},{""text"":""2つ目を左ですね。"",""type"":""content"",""endTime"":53.40703,""speaker"":""A""},{""text"":""ええ。 左へ曲がって、少し行くと、古い橋があります。"",""type"":""content"",""endTime"":58.238956,""speaker"":""B""},{""text"":""ええ。"",""type"":""content"",""endTime"":59.216983,""speaker"":""A""},{""text"":""その橋を渡ると、右に小さいスーパーがあります。 その前です。"",""type"":""content"",""endTime"":65.182478,""speaker"":""B""},{""text"":""スーパーの前ですね。 どうもありがとうございました。"",""type"":""content"",""endTime"":69.917127,""speaker"":""A ""},{""type"":""filler"",""endTime"":72.678631},{""text"":""あのう、やまと美術館へ行きたいです。行き方を教えてください。"",""type"":""content"",""endTime"":79.217303,""speaker"":""A""},{""text"":""えーと、 ここから25番のバスに乗って、 3つ目で降りてください。"",""type"":""content"",""endTime"":86.246234,""speaker"":""B""},{""text"":""3つ目ですね。"",""type"":""content"",""endTime"":87.815422,""speaker"":""A""},{""text"":""バスを降りると、 前に大きい公園があります。 その中に美術館があります。 面白いデザインの建物ですから、すぐわかります。"",""type"":""content"",""endTime"":98.622844,""speaker"":""B""},{""text"":""分りました。どうも。"",""type"":""content"",""endTime"":9999,""speaker"":""A""}]",8736149-23-4.m4a,4,2023-11-16 06:59:52.259407+00,2023-11-16 06:59:52.259407+00,234
20,23-1,"[{""type"":""filler"",""endTime"":3.738013},{""text"":""出張にいろいろなものを持って行きます。 どんな時、使いますか？"",""type"":""content"",""endTime"":10.207695},{""text"":""明日からアメリカ出張だね。 荷物は？わあ、たくさん薬を持って行くね。いつ飲むの？"",""type"":""content"",""endTime"":23.583615,""speaker"":""A""},{""text"":""この赤い薬は、疲れたとき。この白いのは、頭が痛いとき。"",""type"":""content"",""endTime"":30.57291,""speaker"":""B""},{""type"":""filler"",""endTime"":32.996938},{""text"":""眼鏡もたくさんあるね。黒いの、小さいの、大きいの。 どんな時、かけるの？"",""type"":""content"",""endTime"":41.283958,""speaker"":""A""},{""text"":""この黒い眼鏡は、飛行機て寝るとき。それから、 この小さいのはパソコンを使うとき。"",""type"":""content"",""endTime"":48.759279,""speaker"":""B""},{""text"":""ふーん。この大きいのは？"",""type"":""content"",""endTime"":52.595259,""speaker"":""A""},{""text"":""それは街を歩く時。どう？ すてきてしょう？"",""type"":""content"",""endTime"":56.866567,""speaker"":""B""},{""type"":""filler"",""endTime"":62.613216},{""text"":""それは？ 帽子？"",""type"":""content"",""endTime"":64.81045,""speaker"":""A""},{""text"":""そう。帽子も要るてしょう"",""type"":""content"",""endTime"":67.894829,""speaker"":""B""},{""text"":""うん。 この小さいのはいつかぶるの？"",""type"":""content"",""endTime"":72.108277,""speaker"":""A""},{""text"":""雨の時。 軽いから、便利よ。"",""type"":""content"",""endTime"":75.183295,""speaker"":""B""},{""text"":""その白いのは？ 大きいね。"",""type"":""content"",""endTime"":78.000096,""speaker"":""A""},{""text"":""これはパーティーの時。きれいでしょう？"",""type"":""content"",""endTime"":81.285877,""speaker"":""B""},{""text"":""うん？うん。この青いのは？"",""type"":""content"",""endTime"":85.507735,""speaker"":""A""},{""text"":""それは、……ニューヨークて 野球を見に行くから。"",""type"":""content"",""endTime"":89.631902,""speaker"":""B""},{""text"":""え？野球？ この旅行、出張だよ。"",""type"":""content"",""endTime"":9999,""speaker"":""A""}]",8736146-23-1.m4a,4,2023-11-14 07:31:22.985278+00,2023-11-14 07:31:22.985278+00,231
21,36-1,"[{""type"":""filler"",""endTime"":5.384002},{""text"":""病気にならないように、何か気をつけていますか。"",""type"":""content"",""endTime"":10.989572},{""text"":""漢字が読めるようになりましたか。"",""type"":""content"",""endTime"":15.741834},{""text"":""日本語のニュースがわかるようになりましたか。"",""type"":""content"",""endTime"":21.631513},{""type"":""filler"",""endTime"":9999}]",208571323-36-1.m4a,5,2023-11-17 06:48:04.835008+00,2023-11-17 06:48:04.835008+00,361
22,36-2,"[{""type"":""filler"",""endTime"":3.259021},{""text"":""電子辞書、いつも持っているんですか。"",""type"":""content"",""endTime"":6.08859,""speaker"":""男""},{""text"":""ええ。分からない言葉がすぐ調べられますから。"",""type"":""content"",""endTime"":9.741496,""speaker"":""女""},{""text"":""ちょっと見せてください。ふうん、軽いんですね。"",""type"":""content"",""endTime"":14.829879,""speaker"":""男""},{""text"":""ええ、どこでも持って行けるし、便利ですよ。"",""type"":""content"",""endTime"":19.025719,""speaker"":""女""},{""type"":""filler"",""endTime"":21.165805},{""text"":""女の人は分からない言葉がすごく調べられるように、 いつも電子辞書を持っています。"",""type"":""content"",""endTime"":27.984293},{""type"":""filler"",""endTime"":30.314337},{""text"":""風邪を引いたんですか？"",""type"":""content"",""endTime"":32.465198,""speaker"":""男""},{""text"":""気をつけていたんですが。"",""type"":""content"",""endTime"":35.382161,""speaker"":""女""},{""text"":""おうちへ帰ったら、まず手を洗うようにすると、風邪がひきませんよ。"",""type"":""content"",""endTime"":39.817584,""speaker"":""男""},{""text"":""そうですか。じゃ、これからそうします。"",""type"":""content"",""endTime"":43.606594,""speaker"":""女""},{""type"":""filler"",""endTime"":45.001643},{""text"":""これから女の人は風邪をひいたとき、手を洗うようにしています。"",""type"":""content"",""endTime"":50.960569},{""type"":""filler"",""endTime"":53.550279},{""text"":""もう東京の生活に慣れましたか。"",""type"":""content"",""endTime"":56.535238,""speaker"":""女""},{""text"":""ええ。"",""type"":""content"",""endTime"":57.032259,""speaker"":""男""},{""text"":""食事は外でするんですか。"",""type"":""content"",""endTime"":59.263402,""speaker"":""女""},{""text"":""いいえ、朝と晩は自分で作っています。 やっとおいしい物が作れるようになりました。"",""type"":""content"",""endTime"":65.570444,""speaker"":""男""},{""text"":""男の人は料理ができません。"",""type"":""content"",""endTime"":71.735864},{""type"":""filler"",""endTime"":74.103073},{""text"":""おはよう。今日は遅いね。"",""type"":""content"",""endTime"":76.778457,""speaker"":""男""},{""text"":""朝起きられなかったの。"",""type"":""content"",""endTime"":78.713381,""speaker"":""女""},{""text"":""この時間の電車、込んでいるでしょう？"",""type"":""content"",""endTime"":81.764992,""speaker"":""男""},{""text"":""うん、すごいラッシュ。いつもは早い電車で来るようにしているんだけど。"",""type"":""content"",""endTime"":87.228543,""speaker"":""女""},{""text"":""女の人はいつもラッシュの電車で来ます。"",""type"":""content"",""endTime"":93.048365},{""type"":""filler"",""endTime"":9999}]",208571324-36-2.m4a,5,2023-11-17 07:17:38.330161+00,2023-11-17 07:17:38.330161+00,362
24,37-1,"[{""type"":""filler"",""endTime"":6.604083},{""text"":""お父さんに褒められたことがありますか。どんな時ですか。"",""type"":""content"",""endTime"":11.543001},{""type"":""filler"",""endTime"":13.517906},{""text"":""何か大切なものをとられたことがありますか。"",""type"":""content"",""endTime"":17.097214},{""type"":""filler"",""endTime"":19.038723},{""text"":""あなたの街で1番古い建物はなんですか。いつごろ建てられましたか。"",""type"":""content"",""endTime"":25.347196},{""type"":""filler"",""endTime"":27.352325},{""text"":""あなたの国から日本へどんな物が輸出されていますか。"",""type"":""content"",""endTime"":31.991402},{""type"":""filler"",""endTime"":9999}]",208572017-37-1.m4a,5,2023-11-24 04:55:10.199056+00,2023-11-24 04:55:10.199056+00,371
25,26-1,"[{""type"":""filler"",""endTime"":4.067532},{""text"":""会社の人はどうですか。どうしてですか。"",""type"":""content"",""endTime"":8.011082},{""type"":""filler"",""endTime"":9.85783},{""text"":""おはようございます。"",""type"":""content"",""endTime"":11.819927,""speaker"":""A""},{""type"":""filler"",""endTime"":17.331951},{""text"":""あ、忙しいんですか。"",""type"":""content"",""endTime"":19.516769,""speaker"":""A""},{""text"":""ええ、ちょっと手伝っていただけませんか。"",""type"":""content"",""endTime"":22.353052,""speaker"":""B""},{""text"":""コピーですか。"",""type"":""content"",""endTime"":23.712819,""speaker"":""A""},{""text"":""ええ、 会議の資料です。"",""type"":""content"",""endTime"":25.570526,""speaker"":""B""},{""text"":""何時に始めるんですか。"",""type"":""content"",""endTime"":27.439946,""speaker"":""A""},{""text"":""9時半からです。"",""type"":""content"",""endTime"":28.776295,""speaker"":""B""},{""text"":""じゃ、 時間がありませんね。 急ぎましょう。"",""type"":""content"",""endTime"":32.289662,""speaker"":""A""},{""type"":""filler"",""endTime"":35.147411},{""text"":""おはようございます。"",""type"":""content"",""endTime"":36.804692,""speaker"":""B""},{""text"":""調子が悪いんですか。"",""type"":""content"",""endTime"":38.968246,""speaker"":""A""},{""text"":""ええ、 昨日の晩12時まで残業しました。"",""type"":""content"",""endTime"":42.766234,""speaker"":""B""},{""text"":""12時？何をしていたんですか。"",""type"":""content"",""endTime"":45.804704,""speaker"":""A""},{""text"":""アメリカ出張の資料を作っていました。"",""type"":""content"",""endTime"":48.569343,""speaker"":""B""},{""text"":""それは大変でしたね。"",""type"":""content"",""endTime"":50.695344,""speaker"":""A""},{""type"":""filler"",""endTime"":53.423514},{""text"":""おはようございます。"",""type"":""content"",""endTime"":55.148341,""speaker"":""A""},{""text"":""ふあーっ、おはよう。"",""type"":""content"",""endTime"":58.088402,""speaker"":""B""},{""text"":""眠いんですか。"",""type"":""content"",""endTime"":59.75938,""speaker"":""A""},{""text"":""ええ、 昨日の晩お酒を飲みましたから。"",""type"":""content"",""endTime"":63.548559,""speaker"":""B""},{""text"":""何時まで飲んでいたんですか。"",""type"":""content"",""endTime"":65.836491,""speaker"":""A""},{""text"":""朝3時までです。高校の時の友達と。"",""type"":""content"",""endTime"":69.604018,""speaker"":""B""},{""text"":""へえ、ずいぶん飲みましたね。"",""type"":""content"",""endTime"":72.464973,""speaker"":""A""},{""type"":""filler"",""endTime"":75.463481},{""text"":""おはようございます。"",""type"":""content"",""endTime"":77.135711,""speaker"":""B""},{""text"":""今日は元気ですね。いいことがあったんですか。"",""type"":""content"",""endTime"":80.375615,""speaker"":""A""},{""text"":""ええ、 昨日の晩、子どもが生まれたんです。"",""type"":""content"",""endTime"":83.629863,""speaker"":""B""},{""text"":""それはおめでとうございます。 どちらなんですか。"",""type"":""content"",""endTime"":86.85912,""speaker"":""A""},{""text"":""女の子です。"",""type"":""content"",""endTime"":88.203957,""speaker"":""B""},{""type"":""filler"",""endTime"":9999}]",63870343-26-1.mp3,6,2023-11-24 12:43:27.113006+00,2023-11-24 12:43:27.113006+00,261
26,38-1,"[{""type"":""filler"",""endTime"":7.058628},{""text"":""本を読むのが好きですか。"",""type"":""content"",""endTime"":9.790987},{""type"":""filler"",""endTime"":11.423389},{""text"":""お母さんは料理を作るのが上手ですか。"",""type"":""content"",""endTime"":15.055862},{""type"":""filler"",""endTime"":17.126966},{""text"":""日本で生活するのは大変だと思いますか。"",""type"":""content"",""endTime"":21.14166},{""type"":""filler"",""endTime"":23.12743},{""text"":""日本には島が6800ぐらいあるのを知っていますか。"",""type"":""content"",""endTime"":28.220586},{""type"":""filler"",""endTime"":29.782156},{""text"":""日本語の勉強を始めたのはいつですか。"",""type"":""content"",""endTime"":33.218526},{""type"":""filler"",""endTime"":9999}]",208572626-38-1.m4a,5,2023-11-28 06:44:52.71569+00,2023-11-28 06:44:52.71569+00,381
30,39-1,"[{""type"":""filler"",""endTime"":7.10494},{""text"":""雨で学校が休みになったことがありますか。"",""type"":""content"",""endTime"":10.497256},{""type"":""filler"",""endTime"":12.750908},{""text"":""家族や友達に会えなくて、寂しいとき、どうしますか。"",""type"":""content"",""endTime"":16.643459},{""type"":""filler"",""endTime"":9999}]",208574737-39-1.m4a,5,2023-11-29 07:28:34.678332+00,2023-11-29 07:28:34.678332+00,391
29,26-2,"[{""type"":""filler"",""endTime"":1.811281},{""text"":""学生はいろいろなことをします。どうしてですか。"",""type"":""content"",""endTime"":6.559304},{""type"":""filler"",""endTime"":20.526743},{""text"":""さあ、始めましょう。 皆さん、昨日の宿題は？"",""type"":""content"",""endTime"":25.401296,""speaker"":""A""},{""text"":""先生、あのう。"",""type"":""content"",""endTime"":27.818275,""speaker"":""B""},{""text"":""タワポンさん、どうしたんですか。"",""type"":""content"",""endTime"":30.465825,""speaker"":""A""},{""text"":""すみません、 宿題を忘れました。 明日出してもいいですか。"",""type"":""content"",""endTime"":35.366679,""speaker"":""B""},{""text"":""うちに忘れたんですか？"",""type"":""content"",""endTime"":37.421537,""speaker"":""A""},{""text"":""実は、昨日できなかったんです。"",""type"":""content"",""endTime"":40.66382,""speaker"":""B""},{""text"":""じゃ、 明日は土曜日だから、 月曜日に出してくださいね。"",""type"":""content"",""endTime"":44.743488,""speaker"":""A""},{""text"":""はい。"",""type"":""content"",""endTime"":45.588762,""speaker"":""B""},{""type"":""filler"",""endTime"":48.730829},{""text"":""先生、すみません、帰ってもいいか。"",""type"":""content"",""endTime"":52.54721,""speaker"":""B""},{""text"":""ジャンさん、どうしたんですか。 調子が悪いんですか。"",""type"":""content"",""endTime"":56.554468,""speaker"":""A""},{""text"":""ええ、お腹がとても痛いんです。"",""type"":""content"",""endTime"":59.994976,""speaker"":""B""},{""text"":""そうですか。 じゃ、お大事に。"",""type"":""content"",""endTime"":63.070455,""speaker"":""A""},{""text"":""はい、失礼します。"",""type"":""content"",""endTime"":65.130807,""speaker"":""B""},{""type"":""filler"",""endTime"":79.673967},{""text"":""じゃ、 今日はこれで終わります。 皆さん、さようなら。"",""type"":""content"",""endTime"":84.715868,""speaker"":""A""},{""text"":""先生、さようならー。"",""type"":""content"",""endTime"":86.41304,""speaker"":""B""},{""text"":""あ、ミゲルさん、 どうしてそんなに急いでいるんですか。 遊びに行くんですか。"",""type"":""content"",""endTime"":91.793909,""speaker"":""A""},{""text"":""いえ、 柔道の練習に行くんです。"",""type"":""content"",""endTime"":94.351056,""speaker"":""B""},{""text"":""あ、そう。 頑張って！"",""type"":""content"",""endTime"":96.743621,""speaker"":""A""},{""type"":""filler"",""endTime"":99.631291},{""text"":""あのう、先生。"",""type"":""content"",""endTime"":102.478276,""speaker"":""B""},{""text"":""エドさん、何ですか。"",""type"":""content"",""endTime"":104.951636,""speaker"":""A""},{""text"":""月曜日休んでもいいですか。"",""type"":""content"",""endTime"":107.260331,""speaker"":""B""},{""text"":""月曜日は漢字の試験がありますよ。どうしたんですか。"",""type"":""content"",""endTime"":111.198355,""speaker"":""A""},{""text"":""実は、あした国の両親が来るんです。 一緒に旅行に行きたいんです。"",""type"":""content"",""endTime"":117.093881,""speaker"":""B""},{""text"":""そうですか。 じゃ、 しかたがありませんね。"",""type"":""content"",""endTime"":120.576924,""speaker"":""A""},{""text"":""ありがとうございます。 先生も良い週末を。"",""type"":""content"",""endTime"":124.351944,""speaker"":""B""},{""type"":""filler"",""endTime"":9999}]",63870344-26-2.m4a,6,2023-11-28 08:15:32.491068+00,2023-11-28 08:15:32.491068+00,262
28,22-3,"[{""type"":""filler"",""endTime"":2.315695},{""text"":""女の人は何をしますか。"",""type"":""content"",""endTime"":5.720008},{""type"":""filler"",""endTime"":8.485638},{""text"":""今晩食事に行きませんか。"",""type"":""content"",""endTime"":10.843055,""speaker"":""A""},{""text"":""すみません。 こんばんはちょっと映画に行く約束があります。"",""type"":""content"",""endTime"":16.028464,""speaker"":""B""},{""text"":""そうですか。"",""type"":""content"",""endTime"":17.513767,""speaker"":""A""},{""text"":""また今度お願いします。"",""type"":""content"",""endTime"":19.848978,""speaker"":""B""},{""type"":""filler"",""endTime"":22.961031},{""text"":""もう12時ですよ。昼ごはんを食べに行きませんか。"",""type"":""content"",""endTime"":27.953907,""speaker"":""A""},{""text"":""ちょっと銀行へ行く用事がありますから。"",""type"":""content"",""endTime"":31.482562,""speaker"":""B""},{""text"":""そうですか。じゃ、また後で。"",""type"":""content"",""endTime"":34.720615,""speaker"":""A""},{""type"":""filler"",""endTime"":37.742397},{""text"":""出張ですか。"",""type"":""content"",""endTime"":39.617256,""speaker"":""A""},{""text"":""ええ。 京都で会議があります。"",""type"":""content"",""endTime"":42.438329,""speaker"":""B""},{""text"":""京都ですか。 いいですね。 お寺や神社へ行くことができますね。"",""type"":""content"",""endTime"":48.836825,""speaker"":""A""},{""text"":""うーん。でも、 とても忙しいですから、 たぶん見る時間がないと思います。"",""type"":""content"",""endTime"":55.416011,""speaker"":""B""},{""text"":""そうですか。残念ですね。"",""type"":""content"",""endTime"":9999,""speaker"":""A""}]",8735379-22-3.m4a,4,2023-11-28 07:51:09.488183+00,2023-11-28 07:51:09.488183+00,223
27,38-2,"[{""type"":""filler"",""endTime"":2.944746},{""text"":""あのう、これ、クリーニング、お願いします。"",""type"":""content"",""endTime"":6.782971,""speaker"":""女  ""},{""text"":""はい。コートですね。"",""type"":""content"",""endTime"":8.710971,""speaker"":""男""},{""text"":""明日の夕方までにできますか。"",""type"":""content"",""endTime"":11.159476,""speaker"":""女  ""},{""text"":""うーん、ちょっと……。あさってなら、できますが……。"",""type"":""content"",""endTime"":15.450371,""speaker"":""男""},{""type"":""filler"",""endTime"":17.602963},{""text"":""明日までにコートをクリーニングするのは無理です。"",""type"":""content"",""endTime"":21.970798},{""type"":""filler"",""endTime"":24.784142},{""text"":""渡辺さん、みんなでカラオケに行くんですが、一緒に行きませんか。"",""type"":""content"",""endTime"":30.166481,""speaker"":""男""},{""text"":""カラオケですか……。"",""type"":""content"",""endTime"":32.357106,""speaker"":""女  ""},{""text"":""いえ、 歌を聞くのは好きなんですが、自分で歌うのはちょっと……。"",""type"":""content"",""endTime"":39.851537,""speaker"":""女  ""},{""type"":""filler"",""endTime"":41.895108},{""text"":""女の人はカラオケで歌うのが好きじゃありません。"",""type"":""content"",""endTime"":46.272985},{""type"":""filler"",""endTime"":49.085981},{""text"":""カリナさん、これから映画を見に行きませんか。"",""type"":""content"",""endTime"":52.629627,""speaker"":""男""},{""text"":""今日はちょっと……。 あした試験がありますから。"",""type"":""content"",""endTime"":56.879992,""speaker"":""女  ""},{""text"":""えっ、あした試験があるんですか。"",""type"":""content"",""endTime"":59.485255,""speaker"":""男""},{""text"":""ええ。 教室の予定表に書いてありましたよ。"",""type"":""content"",""endTime"":62.876312,""speaker"":""女  ""},{""text"":""じゃ、ぼくも勉強しないと。"",""type"":""content"",""endTime"":65.705548,""speaker"":""男""},{""type"":""filler"",""endTime"":67.711265},{""text"":""男の学生は明日試験があるのを知りませんでした。"",""type"":""content"",""endTime"":72.568955},{""type"":""filler"",""endTime"":75.357921},{""text"":""鈴木さん、はい、ボールペン。"",""type"":""content"",""endTime"":77.988591,""speaker"":""女  ""},{""text"":""ありがとう。あれ？これ、 黒のボールペンですね。 私は頼んだのは赤なんですが。"",""type"":""content"",""endTime"":86.123072,""speaker"":""男""},{""text"":""あ、すみません。間違えました。"",""type"":""content"",""endTime"":89.210942,""speaker"":""女  ""},{""type"":""filler"",""endTime"":91.282339},{""text"":""男の人が欲しかったのは赤のボールペンです。"",""type"":""content"",""endTime"":95.663198},{""type"":""filler"",""endTime"":98.096596},{""text"":""田中さん、もうレポート。出した？"",""type"":""content"",""endTime"":100.920065,""speaker"":""女  ""},{""text"":""あ、いけない。"",""type"":""content"",""endTime"":102.852772,""speaker"":""男""},{""text"":""買いていないの？"",""type"":""content"",""endTime"":104.320879,""speaker"":""女  ""},{""text"":""書いたんだけと、出すのを忘れたよ。"",""type"":""content"",""endTime"":107.125138,""speaker"":""男""},{""type"":""filler"",""endTime"":109.044746},{""text"":""男の人はレポートを書くのを忘れました。"",""type"":""content"",""endTime"":113.369991},{""type"":""filler"",""endTime"":9999}]",208572627-38-2.m4a,5,2023-11-28 07:06:38.842079+00,2023-11-28 07:06:38.842079+00,382
31,39-2,"[{""type"":""filler"",""endTime"":3.036638},{""text"":""明日の晩、みんなでイタリア料理を食べに行くんですが、一緒にいかがですか。"",""type"":""content"",""endTime"":8.335552,""speaker"":""女  ""},{""text"":""すみません。明日の晩はちょっと都合が悪くて……。"",""type"":""content"",""endTime"":12.02433,""speaker"":""男""},{""text"":""そうですか。残念ですね。"",""type"":""content"",""endTime"":14.656159,""speaker"":""女  ""},{""text"":""また今度お願いします。"",""type"":""content"",""endTime"":16.552737,""speaker"":""男""},{""type"":""filler"",""endTime"":18.662559},{""text"":""男の人はイタリア料理を食べに行けません。"",""type"":""content"",""endTime"":23.08236},{""type"":""filler"",""endTime"":25.495607},{""text"":""あのう……。"",""type"":""content"",""endTime"":26.907195,""speaker"":""女  ""},{""text"":""はい。"",""type"":""content"",""endTime"":27.850977,""speaker"":""女  ""},{""text"":""来週の水曜日に国から母が来るので、午後から帰ってもいいですか。"",""type"":""content"",""endTime"":33.463102,""speaker"":""女  ""},{""text"":""ええ、いいですよ。どうぞ。"",""type"":""content"",""endTime"":35.808829,""speaker"":""男""},{""type"":""filler"",""endTime"":37.61754},{""text"":""女の人は来週の水曜日会社を休みます。"",""type"":""content"",""endTime"":42.361104},{""type"":""filler"",""endTime"":50.458636},{""text"":""はい。"",""type"":""content"",""endTime"":51.348163,""speaker"":""女  ""},{""text"":""田中です。"",""type"":""content"",""endTime"":52.687357,""speaker"":""男""},{""text"":""田中さん、どうしたんですか。 もうすぐ会議が始まりますよ。"",""type"":""content"",""endTime"":56.956775,""speaker"":""女  ""},{""text"":""実は事故で今電車が止まっているんです。 会議に間に合わないので、先に始めてください。"",""type"":""content"",""endTime"":60.218306,""speaker"":""男""},{""text"":""分りました。"",""type"":""content"",""endTime"":65.47476,""speaker"":""女  ""},{""type"":""filler"",""endTime"":67.424508},{""text"":""男の人が来てから、会議を始めます。"",""type"":""content"",""endTime"":71.102009},{""type"":""filler"",""endTime"":73.896134},{""text"":""日本の生活で何か問題はありませんか。"",""type"":""content"",""endTime"":77.641926,""speaker"":""女  ""},{""text"":""ええ、実は漢字がわからなくて、困っているんです。"",""type"":""content"",""endTime"":81.686464,""speaker"":""男""},{""text"":""そうですか。 漢字は書けなくてもいいですが、 意味がわからなければ、困りますよね。"",""type"":""content"",""endTime"":87.7574,""speaker"":""女  ""},{""text"":""ええ、これから漢字の勉強を始めます。"",""type"":""content"",""endTime"":91.296927,""speaker"":""男""},{""type"":""filler"",""endTime"":93.434353},{""text"":""男の人は漢字がわかるようになりたいと思っています。"",""type"":""content"",""endTime"":98.370485},{""type"":""filler"",""endTime"":100.976846},{""text"":""もしもし。"",""type"":""content"",""endTime"":102.390511,""speaker"":""男""},{""text"":""どうしたの。"",""type"":""content"",""endTime"":103.487505,""speaker"":""女  ""},{""text"":""道が込んでいて、車が全然動かないんだ。 30分ぐらい遅れるかもしれない。"",""type"":""content"",""endTime"":109.392237,""speaker"":""男""},{""text"":""わかった。"",""type"":""content"",""endTime"":111.068078,""speaker"":""女  ""},{""type"":""filler"",""endTime"":112.858531},{""text"":""男の人は車の事故で、約束の時間に遅れるかもしれません。"",""type"":""content"",""endTime"":118.819945},{""type"":""filler"",""endTime"":9999}]",208574738-39-2.m4a,5,2023-11-29 07:40:31.091469+00,2023-11-29 07:40:31.091469+00,392
32,22-2,"[{""type"":""filler"",""endTime"":1.845248},{""text"":""パーティーをしています。どんな人ですか。誰ですか。"",""type"":""content"",""endTime"":8.103663},{""type"":""filler"",""endTime"":16.854967},{""text"":""すみません。佐藤さんはどんな人ですか。"",""type"":""content"",""endTime"":20.593865,""speaker"":""A""},{""text"":""佐藤さん？えーと、あの白い服を着ている女の人です。"",""type"":""content"",""endTime"":27.272178,""speaker"":""B""},{""text"":""あ、分りました。ありがとうございます。"",""type"":""content"",""endTime"":31.782526,""speaker"":""A""},{""type"":""filler"",""endTime"":34.96607},{""text"":""豊田さんはどの人ですか。"",""type"":""content"",""endTime"":37.934417,""speaker"":""A""},{""text"":""トンダ自動車の社長ですね。 えーと、 あのワインの飲んでいる人です。"",""type"":""content"",""endTime"":44.867736,""speaker"":""B""},{""text"":""背が高い人ですか。"",""type"":""content"",""endTime"":47.135595,""speaker"":""A""},{""text"":""いいえ、違います。 女の人と話している人です。"",""type"":""content"",""endTime"":51.552267,""speaker"":""B""},{""text"":""ああ、 分りました。"",""type"":""content"",""endTime"":54.485801,""speaker"":""A""},{""type"":""filler"",""endTime"":57.254634},{""text"":""小山さんはどの人ですか。"",""type"":""content"",""endTime"":59.918178,""speaker"":""A""},{""text"":""小山さんはあのドアの前に立っている人ですよ。"",""type"":""content"",""endTime"":65.217451,""speaker"":""B""},{""text"":""眼鏡をかけている人ですか。"",""type"":""content"",""endTime"":67.777905,""speaker"":""A""},{""text"":""いいえ、その隣にいる人です。"",""type"":""content"",""endTime"":70.928296,""speaker"":""B""},{""text"":""あ、 そうですか。 ありがとうございました。"",""type"":""content"",""endTime"":75.118551,""speaker"":""A""},{""type"":""filler"",""endTime"":78.743544},{""text"":""あの着物着ている女の人を知っていますか。"",""type"":""content"",""endTime"":82.438324,""speaker"":""A""},{""text"":""窓の前にいる人ですか。"",""type"":""content"",""endTime"":85.076528,""speaker"":""B""},{""text"":""いいえ、 椅子に座っている人です。"",""type"":""content"",""endTime"":88.526512,""speaker"":""A""},{""text"":""ああ、 あの人は山田さん。 IMCの山田さんの奥さんです。"",""type"":""content"",""endTime"":94.822877,""speaker"":""B""},{""text"":""ふうん。"",""type"":""content"",""endTime"":96.837298,""speaker"":""A""},{""type"":""filler"",""endTime"":100.344078},{""text"":""あの花を持っている方はどなたですか。"",""type"":""content"",""endTime"":104.038847,""speaker"":""A""},{""text"":""窓の前で話している人ですか。"",""type"":""content"",""endTime"":107.199594,""speaker"":""B""},{""text"":""ええ。"",""type"":""content"",""endTime"":108.376024,""speaker"":""A""},{""text"":""あの方は松本さんです。 IMCの部長です。"",""type"":""content"",""endTime"":113.272542,""speaker"":""A""},{""text"":""そうですか。"",""type"":""content"",""endTime"":115.06725,""speaker"":""A""},{""type"":""filler"",""endTime"":9999}]",8735378-22-2.m4a,4,2023-12-01 07:53:34.725984+00,2023-12-01 07:53:34.725984+00,222
33,26-3,"[{""type"":""filler"",""endTime"":9999},{""type"":""filler"",""endTime"":9.000238},{""text"":""鈴木さん、コンピューターが動かないんですが、ちょっと見ていただけませんか。"",""type"":""content"",""endTime"":15.141926,""speaker"":""A""},{""text"":""今、ちょっと忙しいんです。 すみませんが、この説明書を見て、自分でやってください。"",""type"":""content"",""endTime"":21.211206,""speaker"":""B""},{""text"":""はい。あのう、わからない時は……。"",""type"":""content"",""endTime"":24.555321,""speaker"":""A""},{""text"":""その時は、僕に聞いてください。"",""type"":""content"",""endTime"":27.581443,""speaker"":""B""},{""type"":""filler"",""endTime"":30.410077},{""text"":""すみません、鈴木さん、私、市役所へ行かなければならないんですが、 連れて行っていただけませんか。"",""type"":""content"",""endTime"":38.515912,""speaker"":""女  ""},{""text"":""今日ですか？今日は時間がないんです。"",""type"":""content"",""endTime"":41.863439,""speaker"":""B""},{""text"":""うーん、じゃ、 明日はどうですか。"",""type"":""content"",""endTime"":45.25095,""speaker"":""A""},{""text"":""明日だったらいいですよ。"",""type"":""content"",""endTime"":47.41284,""speaker"":""B""},{""type"":""filler"",""endTime"":50.018697},{""text"":""あのう、鈴木さん、 自分で漢字を勉強したいんですが、良い本を紹介していただけませんか。"",""type"":""content"",""endTime"":57.830321,""speaker"":""A""},{""text"":""漢字の本ですか。 僕、よく知らないんです。 でも、よかったら、土曜日の午後、一緒に本屋へ行きましょうか。"",""type"":""content"",""endTime"":68.115676,""speaker"":""B""},{""text"":""はい、ありがとうございます。"",""type"":""content"",""endTime"":70.450988,""speaker"":""A""},{""type"":""filler"",""endTime"":73.493985},{""text"":""ちょっとすみません、 鈴木さん。 これを捨てたいんですが、ゴミの日を教えていただけませんか。"",""type"":""content"",""endTime"":80.717808,""speaker"":""A""},{""text"":""燃えないゴミですね。すみません。 僕は知らないんですよ。掃除の人に聞いてください。"",""type"":""content"",""endTime"":88.616756,""speaker"":""B""},{""text"":""今、いないんですよ。"",""type"":""content"",""endTime"":90.796311,""speaker"":""A""},{""text"":""じゃ、１階の階段の近いにゴミの日のカレンダーがありますから、それを見たらわかりますよ。"",""type"":""content"",""endTime"":97.734335,""speaker"":""B""},{""text"":""ありがとうございました。"",""type"":""content"",""endTime"":99.405003,""speaker"":""A""},{""type"":""filler"",""endTime"":9999}]",63870345-26-3.m4a,6,2023-12-01 08:35:00.143706+00,2023-12-01 08:35:00.143706+00,263
35,22-1,"[{""type"":""filler"",""endTime"":3.905975},{""text"":""女の人が言った物はどれですか。"",""type"":""content"",""endTime"":8.10463},{""type"":""filler"",""endTime"":16.747581},{""text"":""どこまでですか。"",""type"":""content"",""endTime"":18.813301,""speaker"":""A""},{""text"":""「 緑町」までお願いします。"",""type"":""content"",""endTime"":21.155448,""speaker"":""B""},{""type"":""filler"",""endTime"":26.965383},{""text"":""どこで止めますか。"",""type"":""content"",""endTime"":28.792033,""speaker"":""A""},{""text"":""あの家の前で止めてください。 庭に桜の木がある家です。"",""type"":""content"",""endTime"":33.968421,""speaker"":""B""},{""text"":""はい、 分りました。"",""type"":""content"",""endTime"":35.890044,""speaker"":""A""},{""type"":""filler"",""endTime"":45.0084},{""text"":""チンさん、 いらっしゃい。"",""type"":""content"",""endTime"":46.581452,""speaker"":""C""},{""text"":""わあ、たくさん料理がありますね。"",""type"":""content"",""endTime"":50.41369,""speaker"":""B""},{""text"":""ええ、 みんながいろいろ作って、持って来ました。好きな物をどうぞ。"",""type"":""content"",""endTime"":50.41369,""speaker"":""C""},{""text"":""じゃ、 ミラーさんが作った料理を食べたいです。"",""type"":""content"",""endTime"":58.575207,""speaker"":""B""},{""text"":""このカレーですよ。どうぞ。"",""type"":""content"",""endTime"":61.386788,""speaker"":""C""},{""type"":""filler"",""endTime"":64.158818},{""text"":""この間撮った写真を見せてください。"",""type"":""content"",""endTime"":67.336872,""speaker"":""B""},{""text"":""いつの？"",""type"":""content"",""endTime"":68.506172,""speaker"":""C""},{""text"":""先週一緒に奈良の寺で撮った写真です。"",""type"":""content"",""endTime"":72.462273,""speaker"":""B""},{""text"":""はい、これですね。"",""type"":""content"",""endTime"":74.704607,""speaker"":""C""},{""type"":""filler"",""endTime"":78.271634},{""text"":""本がたくさんありますね。 借りてもいいですか。"",""type"":""content"",""endTime"":82.622037,""speaker"":""B""},{""text"":""ええ、どうぞ。 どんな本がいいですか。"",""type"":""content"",""endTime"":85.51,""speaker"":""C""},{""text"":""えーっと、子供が読む本がありますか。 日本語の勉強に役にたつと思います。"",""type"":""content"",""endTime"":92.445375,""speaker"":""B""},{""text"":""じゃ、 これはどうですか。 あまり難しくないですよ。"",""type"":""content"",""endTime"":97.620018,""speaker"":""C""},{""type"":""filler"",""endTime"":9999}]",8735377-22-1.m4a,4,2023-12-02 07:13:10.854377+00,2023-12-02 07:13:10.854377+00,221
34,26-4,"[{""type"":""filler"",""endTime"":2.039015},{""text"":""カリナさんは日本についていろいろなことを知りたいです。 どこへ行ったらいいですか。 どうしたらいいですか。"",""type"":""content"",""endTime"":9.98805},{""type"":""filler"",""endTime"":12.685032},{""text"":""田中さん、ちょっと教えてください。 私、一度も剣道を見たことがないんです。 ぜひ見たいんですが、どこへ行ったらいいですか。"",""type"":""content"",""endTime"":21.848852,""speaker"":""A""},{""text"":""えーと、 緑高校に剣道クラブがありますよ。 郵便局の近くです。"",""type"":""content"",""endTime"":28.216686,""speaker"":""B""},{""text"":""あのう、直接行ってもいいんですか。"",""type"":""content"",""endTime"":30.994345,""speaker"":""A""},{""text"":""そうですね。 息子の友達が緑高校の剣道クラブにいますから、頼んであげましょうか。"",""type"":""content"",""endTime"":38.514195,""speaker"":""B""},{""text"":""ありがとうございます。"",""type"":""content"",""endTime"":39.957788,""speaker"":""A""},{""type"":""filler"",""endTime"":43.095208},{""text"":""田中さん、私、お寺について知りたいんですが、誰に聞いたら良いですか。"",""type"":""content"",""endTime"":49.040991,""speaker"":""A""},{""text"":""お寺ですか。 いろいろ本がありますよ。 図書館で調べたら、わかりますよ。"",""type"":""content"",""endTime"":55.443301,""speaker"":""B""},{""text"":""違うんです。 お寺の人の生活について知りたいんです。"",""type"":""content"",""endTime"":59.430437,""speaker"":""A""},{""text"":""じゃ、 市役所の前のお寺の人を紹介しましょうか。 近くですから、 これから行きましょう。"",""type"":""content"",""endTime"":66.503686,""speaker"":""B""},{""text"":""よろしくお願いします。"",""type"":""content"",""endTime"":68.294494,""speaker"":""A""},{""type"":""filler"",""endTime"":71.280713},{""text"":""田中さん、茶道についてレポートを書かなければならないんですが、どこへ行ったらいいですか。"",""type"":""content"",""endTime"":77.589441,""speaker"":""A""},{""text"":""茶道ですか。 この近くに有名なお茶の先生がいますよ。 うちは図書館の前です。"",""type"":""content"",""endTime"":85.106562,""speaker"":""B""},{""text"":""あ、そうですか。 見学したいんですが……。"",""type"":""content"",""endTime"":85.106562,""speaker"":""A""},{""text"":""そうですね。 まず電話をかけて、申し込まないと……。"",""type"":""content"",""endTime"":92.915179,""speaker"":""B""},{""text"":""あ、そうですね。"",""type"":""content"",""endTime"":94.63447,""speaker"":""A""},{""type"":""filler"",""endTime"":97.618164},{""text"":""田中さん、私、一度着物を着たいんですが……。"",""type"":""content"",""endTime"":101.955622,""speaker"":""A""},{""text"":""着物ですか。 駅の近くの見せて借りることができますよ。 1回10,000円ぐらいですね。"",""type"":""content"",""endTime"":109.692493,""speaker"":""B""},{""text"":""ええっ、一万円！"",""type"":""content"",""endTime"":111.80819,""speaker"":""A""},{""text"":""あ、カリナさん、町のセンターに着物の着方を練習する教室があります。 そこで貸してもらったら、安いですよ。 1,000円ぐらいです。 場所はお寺の前ですよ。"",""type"":""content"",""endTime"":125.73319,""speaker"":""B""},{""text"":""あ、それはいいですね。"",""type"":""content"",""endTime"":127.929775,""speaker"":""A""},{""type"":""filler"",""endTime"":9999}]",63870346-26-4.m4a,6,2023-12-02 06:55:51.637245+00,2023-12-02 06:55:51.637245+00,264
36,21-4,"[{""type"":""filler"",""endTime"":2.132368},{""text"":""ジャンさんは 学校のクラブで話を聞いて、 あい子さんに手紙を書きました。かっこの中に言葉を聞いてください。 "",""type"":""content"",""endTime"":12.543913},{""type"":""filler"",""endTime"":15.942682},{""text"":""あのう、柔道は難しいですか。"",""type"":""content"",""endTime"":19.470162,""speaker"":""A""},{""text"":""いいえ、初めは易しいですよ。 だんだん難しくなりますが。"",""type"":""content"",""endTime"":25.25794,""speaker"":""B""},{""text"":""おもしろいですか。"",""type"":""content"",""endTime"":26.97203,""speaker"":""A""},{""text"":""ええ、 おもしろいです。 どうですか。 ちょっと練習しませんか。"",""type"":""content"",""endTime"":32.612947,""speaker"":""B""},{""text"":""痛い！"",""type"":""content"",""endTime"":35.895894,""speaker"":""A""},{""type"":""filler"",""endTime"":39.183826},{""text"":""すみません。あのう、相撲は楽しいですか。"",""type"":""content"",""endTime"":42.758245,""speaker"":""A""},{""text"":""ええ、とても楽しいですよ。"",""type"":""content"",""endTime"":45.434554,""speaker"":""C""},{""text"":""あのう、 下着を脱がなくてもいいです。"",""type"":""content"",""endTime"":49.922737,""speaker"":""A""},{""text"":""いいえ、だめです。 脱がなければなりません。"",""type"":""content"",""endTime"":53.504139,""speaker"":""C""},{""text"":""うーん、じゃあ、私はできません。"",""type"":""content"",""endTime"":57.739265,""speaker"":""A""},{""type"":""filler"",""endTime"":60.576634},{""text"":""こんにちは。お茶は難しいですか。"",""type"":""content"",""endTime"":64.309428,""speaker"":""A""},{""text"":""そうですね。 初めは難しいと思います。 でも、だんだん楽しくなりますよ。"",""type"":""content"",""endTime"":70.769903,""speaker"":""D""},{""text"":""そうですか。 あのう、たたみに座らなければなりませんか。"",""type"":""content"",""endTime"":76.522984,""speaker"":""A""},{""text"":""はい。"",""type"":""content"",""endTime"":77.668626,""speaker"":""D""},{""text"":""じゃ、 ちょっと無理ですね。"",""type"":""content"",""endTime"":80.073489,""speaker"":""A""},{""type"":""filler"",""endTime"":83.743139},{""text"":""書道クラブです。書道を習いませんか。"",""type"":""content"",""endTime"":88.34209,""speaker"":""E""},{""text"":""あのう、 私は漢字をあまり知りませんが、 できると思いますか。"",""type"":""content"",""endTime"":94.438569,""speaker"":""A""},{""text"":""もちろんできます。 ひらがなで書いてもいいですよ。 字がきれいになりますよ。"",""type"":""content"",""endTime"":101.078668,""speaker"":""E""},{""text"":""そうですか。 じゃ、 きっと役に立つと思います。 ぜひ習いたいです。"",""type"":""content"",""endTime"":107.034928,""speaker"":""A""},{""text"":""じゃ、 来週からどうぞ。"",""type"":""content"",""endTime"":109.462503,""speaker"":""E""},{""text"":""よろしくお願いしま。"",""type"":""content"",""endTime"":110.98871,""speaker"":""A""},{""type"":""filler"",""endTime"":9999}]",8735376-21-4.m4a,4,2023-12-02 07:31:26.448996+00,2023-12-02 07:31:26.448996+00,214
37,40-1,"[{""type"":""filler"",""endTime"":6.404832},{""text"":""今世界に国がいくつあるか知っていますか。"",""type"":""content"",""endTime"":10.019103},{""type"":""filler"",""endTime"":12.318434},{""text"":""次のオリンピックはどこで行われるか知っていますか。"",""type"":""content"",""endTime"":16.152693},{""type"":""filler"",""endTime"":18.22266},{""text"":""パーティーですてきな人に会ったら、名前のほかに何を知りたいですか。"",""type"":""content"",""endTime"":23.066312},{""type"":""filler"",""endTime"":25.204644},{""text"":""日本で何をやってみたいですか。"",""type"":""content"",""endTime"":27.80786},{""type"":""filler"",""endTime"":9999}]",208574920-40-1.m4a,5,2023-12-03 09:11:42.52866+00,2023-12-03 09:11:42.52866+00,401
38,40-2,"[{""type"":""filler"",""endTime"":2.906936},{""text"":""サントスさんの写真の展覧会はどこであるか、知っていますか。"",""type"":""content"",""endTime"":7.536968,""speaker"":""男""},{""text"":""はい。「ホテルみんな」のロビーですよ。"",""type"":""content"",""endTime"":10.898325,""speaker"":""女  ""},{""text"":""何時までですか。"",""type"":""content"",""endTime"":12.419842,""speaker"":""男""},{""text"":""さあ。 山田さんに聞けばわかりますよ。"",""type"":""content"",""endTime"":16.339747,""speaker"":""女  ""},{""type"":""filler"",""endTime"":18.372153},{""text"":""女の人は、サントスさんの写真の展覧会がいつどこであるか、知っています。"",""type"":""content"",""endTime"":24.476766},{""type"":""filler"",""endTime"":27.280786},{""text"":""ミラーさん、マラソン大会に参加しますか。"",""type"":""content"",""endTime"":30.726419,""speaker"":""女  ""},{""text"":""まだ決めていません。"",""type"":""content"",""endTime"":32.296351,""speaker"":""男""},{""text"":""早く決めないと……。 申し込みはあさってまでですよ。"",""type"":""content"",""endTime"":36.721871,""speaker"":""女  ""},{""text"":""ええ、そうですね。"",""type"":""content"",""endTime"":38.53377,""speaker"":""男""},{""type"":""filler"",""endTime"":40.624331},{""text"":""ミラーさんはマラソン大会に参加するかどうか早く決めなければなりません。"",""type"":""content"",""endTime"":46.833118},{""type"":""filler"",""endTime"":49.496234},{""text"":""ミラーさんは？"",""type"":""content"",""endTime"":51.62536,""speaker"":""女  ""},{""text"":""さっきパワー電気へ行きましたよ。"",""type"":""content"",""endTime"":54.402197,""speaker"":""女  ""},{""text"":""何時ごろ帰りますか。"",""type"":""content"",""endTime"":56.639881,""speaker"":""女  ""},{""text"":""すみません。鈴木さんに聞いてみてください。"",""type"":""content"",""endTime"":60.004905,""speaker"":""男""},{""type"":""filler"",""endTime"":62.127155},{""text"":""男の人はミラーさんが何時に帰るか、知りません。"",""type"":""content"",""endTime"":66.792019},{""type"":""filler"",""endTime"":69.662539},{""text"":""今年のワインです。 フランスのワインです。 どうぞ飲んでみてください。"",""type"":""content"",""endTime"":75.146573,""speaker"":""女  ""},{""text"":""じゃ、ちょっとだけ。うん。おいしい。 1本ください。"",""type"":""content"",""endTime"":81.432904,""speaker"":""男""},{""type"":""filler"",""endTime"":83.336255},{""text"":""男の人はワインの買う前に、飲んでみました。"",""type"":""content"",""endTime"":88.025745},{""type"":""filler"",""endTime"":90.436517},{""text"":""盆踊り、見たことある？"",""type"":""content"",""endTime"":92.531952,""speaker"":""女  ""},{""text"":""ううん。一度見てみたいな。"",""type"":""content"",""endTime"":95.546908,""speaker"":""男""},{""text"":""来週うちの近くであるから、一緒に行って、踊ってみてない？"",""type"":""content"",""endTime"":99.300388,""speaker"":""女  ""},{""text"":""うん。やってみようか。"",""type"":""content"",""endTime"":101.253496,""speaker"":""男""},{""type"":""filler"",""endTime"":103.002256},{""text"":""男の人は盆踊りをしてみます。"",""type"":""content"",""endTime"":106.506267},{""type"":""filler"",""endTime"":9999}]",208574921-40-2.m4a,5,2023-12-03 09:26:50.894579+00,2023-12-03 09:26:50.894579+00,402
6,Track 2 - short one,"[{""text"":""这是第一句话"",""type"":""content"",""endTime"":9999}]",track_2.mp3,3,2023-11-16 01:44:17.962181+00,2023-11-16 01:44:17.962181+00,3
41,27-2,"[{""type"":""filler"",""endTime"":1.720256},{""text"":""会社の寮でできることはなんですか。 できない時、 どうしたらいいですか。"",""type"":""content"",""endTime"":7.453309},{""type"":""filler"",""endTime"":11.147649},{""text"":""はじめまして。 パクです。 きょうからお世話になります。"",""type"":""content"",""endTime"":15.859809,""speaker"":""A""},{""text"":""管理人の前田です。 どうぞよろしく。"",""type"":""content"",""endTime"":18.852448,""speaker"":""B""},{""text"":""あのう、 質問があるんですが。 部屋でインターネットができますか。"",""type"":""content"",""endTime"":24.285127,""speaker"":""A""},{""text"":""ええ、できますよ。"",""type"":""content"",""endTime"":26.307919,""speaker"":""B""},{""type"":""filler"",""endTime"":29.721389},{""text"":""あのう、僕は夜10時ごろ帰るんですが、 洗濯できますか。"",""type"":""content"",""endTime"":35.658283,""speaker"":""A""},{""text"":""10時ですか。 洗濯は夜の9時までなんです。"",""type"":""content"",""endTime"":39.982294,""speaker"":""B""},{""text"":""そうですか。"",""type"":""content"",""endTime"":41.802726,""speaker"":""A""},{""text"":""ええ、休みの日にお願いします。"",""type"":""content"",""endTime"":44.845446,""speaker"":""B""},{""type"":""filler"",""endTime"":48.096611},{""text"":""時々友達とパーティーをしたいと思うんですが……。"",""type"":""content"",""endTime"":51.90379,""speaker"":""A""},{""text"":""部屋でですか。 それはできませんね。 隣の人がいますから。"",""type"":""content"",""endTime"":56.928067,""speaker"":""B""},{""text"":""じゃ、食堂でやってもいいですか。"",""type"":""content"",""endTime"":59.67343,""speaker"":""A""},{""text"":""食堂だったらいいですよ。"",""type"":""content"",""endTime"":61.665497,""speaker"":""B""},{""type"":""filler"",""endTime"":64.516731},{""text"":""あのう、僕、料理が好きなんですが、 自分で料理してもいいですか。"",""type"":""content"",""endTime"":70.573208,""speaker"":""A""},{""text"":""部屋でですか。 部屋ではガスが使えませんから……。"",""type"":""content"",""endTime"":75.159015,""speaker"":""B""},{""text"":""そうでうか。"",""type"":""content"",""endTime"":76.40467},{""text"":""食堂の隣に小さい台所があります。 そこでできますよ。"",""type"":""content"",""endTime"":81.19203,""speaker"":""B""},{""text"":""あ、そうですか。 ありがとうございます。"",""type"":""content"",""endTime"":84.437791,""speaker"":""A""},{""type"":""filler"",""endTime"":87.695672},{""text"":""実は、来月友達が日本へ来るんですが、僕の部屋に泊まってもいいですか。"",""type"":""content"",""endTime"":94.015022,""speaker"":""A""},{""text"":""部屋ですか。それはちょっと……。"",""type"":""content"",""endTime"":97.082245,""speaker"":""B""},{""text"":""あ、だめですか。"",""type"":""content"",""endTime"":99.354406,""speaker"":""A""},{""text"":""いえ、 今使っていない部屋がありますから、 そちらに泊まれますよ。"",""type"":""content"",""endTime"":104.319162,""speaker"":""B""},{""text"":""ああ、そうですか。じゃ、よろしくお願いします。"",""type"":""content"",""endTime"":107.680654,""speaker"":""A""},{""type"":""filler"",""endTime"":9999}]",63870348-27-2.m4a,6,2023-12-04 08:08:54.392258+00,2023-12-04 08:08:54.392258+00,272
39,Track 3 - short one,"[{""type"":""filler"",""endTime"":9999}]",track_2.mp3,3,2023-12-04 01:46:54.676574+00,2023-12-04 01:46:54.676574+00,4
40,27-1,"[{""type"":""filler"",""endTime"":4.599493},{""text"":""留学生がビデオ映画をつくります。 どの仕事を誰がしますか。 どうしてですか。"",""type"":""content"",""endTime"":11.419955},{""type"":""filler"",""endTime"":21.121266},{""text"":""みんなでビデオ映画を作りたいと思うんですが……。"",""type"":""content"",""endTime"":24.569205,""speaker"":""A""},{""text"":""どんな映画ですか。"",""type"":""content"",""endTime"":26.76168,""speaker"":""B""},{""text"":""侍の映画です。"",""type"":""content"",""endTime"":28.286727,""speaker"":""A""},{""text"":""おもしろいですね。 やりましょう。"",""type"":""content"",""endTime"":30.952833,""speaker"":""F""},{""text"":""映画には、いろいろな仕事があります。 まず、お話を書かなければなりません。 ミゲルさん、どうですか。"",""type"":""content"",""endTime"":38.574473,""speaker"":""A""},{""text"":""私はお話を作ることが好きですから、書けると思います。 そうですね。 侍と忍者の話はどうですか。 あ、お姫様も。"",""type"":""content"",""endTime"":46.367442,""speaker"":""C""},{""text"":""じゃ、ミゲルさん、おもしろい話をお願いしま。"",""type"":""content"",""endTime"":52.074939,""speaker"":""A""},{""type"":""filler"",""endTime"":56.397431},{""text"":""タワポンさんは何ができますか。"",""type"":""content"",""endTime"":59.220782,""speaker"":""A""},{""text"":""僕はビデオが取れますよ。 カメラのことを心配しないでください。"",""type"":""content"",""endTime"":64.718981,""speaker"":""B""},{""type"":""filler"",""endTime"":68.649839},{""text"":""次に…… 侍になりたい人はいますか。"",""type"":""content"",""endTime"":72.350596,""speaker"":""A""},{""text"":""はーい、僕、 侍になりたいです。 剣道ができますから。"",""type"":""content"",""endTime"":76.591065,""speaker"":""D""},{""text"":""じゃ、エドさんは侍になってください。"",""type"":""content"",""endTime"":79.660429,""speaker"":""A""},{""type"":""filler"",""endTime"":83.949789},{""text"":""えーと、ジャンさんは何をしたいですか。でも、 お姫様は無理ですね。"",""type"":""content"",""endTime"":90.35625,""speaker"":""A""},{""text"":""いえ、僕、 お姫様になりたいです。 歌舞伎では男の人が女の人になるんですよ。"",""type"":""content"",""endTime"":96.512003,""speaker"":""E""},{""text"":""ひえー！でも、ジャンさんは 声が高いですから…… できますね。"",""type"":""content"",""endTime"":101.149759,""speaker"":""D""},{""type"":""filler"",""endTime"":105.116351},{""text"":""それから、忍者になれる人はいますか。 私はできませんが。"",""type"":""content"",""endTime"":110.287333,""speaker"":""A""},{""text"":""あ、わたし、 速く走れます。 高い所に登れます。 狭い所に入ります。"",""type"":""content"",""endTime"":115.759169,""speaker"":""F""},{""text"":""じゃ、キムさん、 お願いします。"",""type"":""content"",""endTime"":118.268108,""speaker"":""A""},{""type"":""filler"",""endTime"":122.314767},{""text"":""あのう、メーキャップはデだれが……？"",""type"":""content"",""endTime"":125.847339,""speaker"":""B""},{""text"":""私を忘れないでください。私は絵がかけます。 みんなの顔にすてきな絵をかいてあげます。"",""type"":""content"",""endTime"":133.465998,""speaker"":""A""},{""text"":""カリナさん、お願いします。"",""type"":""content"",""endTime"":135.859049,""speaker"":""B〜F""},{""type"":""filler"",""endTime"":9999}]",63870347-27-1.m4a,6,2023-12-04 07:29:51.831573+00,2023-12-04 07:29:51.831573+00,271
42,21-3,"[{""type"":""filler"",""endTime"":2.309041},{""text"":""田中さんはカリナさんと日本人の生活について話しました。 田中さんとカリナさんの見方は同じですか。"",""type"":""content"",""endTime"":13.971092},{""type"":""filler"",""endTime"":16.745401},{""text"":""カリナさん、 日本人はよく働くでしょう？"",""type"":""content"",""endTime"":20.768279,""speaker"":""A""},{""text"":""ええ、そうですね。 日本人は本当によく働くと思います。 田中さんも毎日忙しいでしょう。"",""type"":""content"",""endTime"":29.555895,""speaker"":""B""},{""text"":""そうですね。仕事はとても忙しいです。 残業も多いですよ。"",""type"":""content"",""endTime"":35.504872,""speaker"":""A""},{""text"":""そうですか。大変ですね。"",""type"":""content"",""endTime"":38.504044,""speaker"":""B""},{""type"":""filler"",""endTime"":41.968425},{""text"":""カリナさん、日本は物価が高いでしょう。"",""type"":""content"",""endTime"":45.943776,""speaker"":""A""},{""text"":""ええ、私の国よりずっと高いですね。 留学生の生活は本当に大変です。 特に、食べ物が高いですね。"",""type"":""content"",""endTime"":56.419462,""speaker"":""B""},{""text"":""そうですね。"",""type"":""content"",""endTime"":57.89042,""speaker"":""A""},{""text"":""ええ。それから、電車やバスが高いですね。"",""type"":""content"",""endTime"":62.433368},{""text"":""そうでしょう？。 物価が高いですから、日本人も大変ですよ"",""type"":""content"",""endTime"":68.207992,""speaker"":""A""},{""type"":""filler"",""endTime"":71.431053},{""text"":""カリナさん、 日本の学生はよく遊ぶでしょう？"",""type"":""content"",""endTime"":76.174009,""speaker"":""A""},{""text"":""そうですか。"",""type"":""content"",""endTime"":77.894843,""speaker"":""B""},{""text"":""私もよく遊びましたよ。 スポーツ、旅行、コンサート……。 楽しかったなあ。 勉強はあまりしませんでしたね。"",""type"":""content"",""endTime"":80.12052,""speaker"":""A""},{""text"":""そうですか。 でも、私の日本人の友達はみんなよく勉強しますよ。 レポートや試験がたくさんありますから。"",""type"":""content"",""endTime"":97.22434,""speaker"":""B""},{""text"":""へえ、そうですか。 私の子供も学生ですが、よく遊びますよ。"",""type"":""content"",""endTime"":104.709424,""speaker"":""A""},{""type"":""filler"",""endTime"":9999}]",8735375-21-3.m4a,4,2023-12-04 11:38:44.508196+00,2023-12-04 11:38:44.508196+00,213
43,21-2,"[{""type"":""filler"",""endTime"":1.803996},{""text"":""留学生はアルバイトについて話しました。 留学生の意見はどうですか。 どうしてですか。"",""type"":""content"",""endTime"":10.528175},{""type"":""filler"",""endTime"":13.049477},{""text"":""昨日、先生はアルバイトはよくないと言いました。 先生の意見についてどう思いますか。 まず、リンさん。"",""type"":""content"",""endTime"":23.141181,""speaker"":""A""},{""text"":""先生は私たちの勉強を心配していると思います。 私もアルバイトはよくないと思います。 勉強の時間が少なくなりますから。 わたしはしていません。"",""type"":""content"",""endTime"":35.556491,""speaker"":""B""},{""type"":""filler"",""endTime"":38.242526},{""text"":""カリナさんはどう思いますか。"",""type"":""content"",""endTime"":40.892437,""speaker"":""A""},{""text"":""私は、アルバイトをしたことがあります。 いろいろな人と日本語で話すことができました。 日本語が上手になったと思います。 ですから、アルバイトをしてもいいと思いますよ。"",""type"":""content"",""endTime"":54.190285,""speaker"":""C""},{""type"":""filler"",""endTime"":57.584203},{""text"":""キムさんは アルバイトをしていますね。"",""type"":""content"",""endTime"":60.960114,""speaker"":""A""},{""text"":""ええ、でも、 アルバイトはよくないと思います。 とても疲れてますから、勉強ができません。 でも、１か月に５万円足りませんから、しなければなりません。"",""type"":""content"",""endTime"":72.403395,""speaker"":""D""},{""text"":""そうですか。大変ですね。"",""type"":""content"",""endTime"":75.886571,""speaker"":""A""},{""type"":""filler"",""endTime"":78.997695},{""text"":""エドさんは アルバイトをしていますか。"",""type"":""content"",""endTime"":81.892776,""speaker"":""A""},{""text"":""はい、 英語を教えています。 いろいろな人に会うことができますから、楽しいですよ。 アルバイトをしてもいいと思います。"",""type"":""content"",""endTime"":91.861764,""speaker"":""E""},{""text"":""そうですか。 いろいろな意見がありますが、問題は時間の使い方ですね。"",""type"":""content"",""endTime"":98.978096,""speaker"":""A""},{""text"":""そうですね。"",""type"":""content"",""endTime"":100.952224,""speaker"":""B〜E""},{""type"":""filler"",""endTime"":9999}]",8735374-21-2.m4a,4,2023-12-04 11:55:04.678676+00,2023-12-04 11:55:04.678676+00,212
44,21-1,"[{""type"":""filler"",""endTime"":3.760706},{""text"":""なんと言いましたか。 どこのことばですか。"",""type"":""content"",""endTime"":7.823786},{""type"":""filler"",""endTime"":10.855942},{""text"":""今日はよか天気ばい。"",""type"":""content"",""endTime"":13.442323,""speaker"":""A""},{""text"":""え、 今、何と言いましたか。ようか……。"",""type"":""content"",""endTime"":18.260446,""speaker"":""B""},{""text"":""「 今日はいい天気だ」と言いました。 福岡では、そう言いますよ。"",""type"":""content"",""endTime"":23.293538,""speaker"":""A""},{""text"":""ああ、そうですか。"",""type"":""content"",""endTime"":25.351296,""speaker"":""B""},{""type"":""filler"",""endTime"":33.923686},{""text"":""どうぞ。こちらに座ってください。"",""type"":""content"",""endTime"":36.414693,""speaker"":""A""},{""text"":""おおきに。"",""type"":""content"",""endTime"":38.139651,""speaker"":""B""},{""text"":""え、何と言いましたか。 何が大きいですか。"",""type"":""content"",""endTime"":42.847933,""speaker"":""A""},{""text"":""いいえ、「おおきに」は大阪のことばで「ありがとう」ですよ。"",""type"":""content"",""endTime"":49.072482,""speaker"":""B""},{""text"":""日本語は難しいですね。"",""type"":""content"",""endTime"":51.896384,""speaker"":""A""},{""type"":""filler"",""endTime"":55.141916},{""text"":""じゃ、失礼します。"",""type"":""content"",""endTime"":56.929597,""speaker"":""A""},{""text"":""また、おいでんせい。"",""type"":""content"",""endTime"":59.611446,""speaker"":""B""},{""text"":""え、今、何と言いましたか。"",""type"":""content"",""endTime"":62.86067,""speaker"":""A""},{""text"":""ああ、「また、おいでんせい」ですか。「 また来てください」と同じですよ。 岡山のことばです。"",""type"":""content"",""endTime"":71.61929,""speaker"":""B""},{""text"":""あ、そうでしか。じゃ、また来ます。"",""type"":""content"",""endTime"":75.378639,""speaker"":""A""},{""type"":""filler"",""endTime"":78.341397},{""text"":""おばんです。"",""type"":""content"",""endTime"":80.102524,""speaker"":""A""},{""text"":""え、今、何と言いましたか。「おばん」ですか？"",""type"":""content"",""endTime"":85.653992,""speaker"":""B""},{""text"":""ああ、秋田のことばを使いました。「おばんです」は「こんばんは」と同じです。"",""type"":""content"",""endTime"":93.332286,""speaker"":""A""},{""text"":""へーえ、おもしろいですね。"",""type"":""content"",""endTime"":96.40375,""speaker"":""B""},{""type"":""filler"",""endTime"":9999}]",8735373-21-1.m4a,4,2023-12-04 12:13:46.381379+00,2023-12-04 12:13:46.381379+00,211